timestamp,bm,createTime,mbbAfter,mbbBefore,reportType,rrInterval,uploadTime,showtimestamp
1694070840400,16.0,2023-09-07 15:36:05,1308.0,1130.0,1.0,700.0,2023-09-07 15:36:04,2023-09-07 15:14:00
1694070840900,4.0,2023-09-07 15:36:05,243.0,200.0,1.0,500.0,2023-09-07 15:36:04,2023-09-07 15:14:00
1694070841310,20.0,2023-09-07 15:36:05,948.0,1228.0,1.0,410.0,2023-09-07 15:36:04,2023-09-07 15:14:01
1694070841820,12.0,2023-09-07 15:36:05,105.0,221.0,1.0,510.0,2023-09-07 15:36:04,2023-09-07 15:14:01
1694070842130,28.0,2023-09-07 15:36:05,1971.0,793.0,1.0,310.0,2023-09-07 15:36:04,2023-09-07 15:14:02
1694070842940,6.0,2023-09-07 15:36:05,1075.0,957.0,1.0,810.0,2023-09-07 15:36:04,2023-09-07 15:14:02
1694070843590,26.0,2023-09-07 15:36:05,2443.0,331.0,1.0,650.0,2023-09-07 15:36:04,2023-09-07 15:14:03
1694070844270,28.0,2023-09-07 15:36:05,365.0,1139.0,1.0,680.0,2023-09-07 15:36:04,2023-09-07 15:14:04
1694070844750,32.0,2023-09-07 15:36:05,25704.0,4789.0,1.0,480.0,2023-09-07 15:36:04,2023-09-07 15:14:04
1694070845890,18.0,2023-09-07 15:36:05,3022.0,19289.0,1.0,1140.0,2023-09-07 15:36:04,2023-09-07 15:14:05
1694070846410,26.0,2023-09-07 15:36:05,1426.0,330.0,1.0,520.0,2023-09-07 15:36:04,2023-09-07 15:14:06
1694070847160,16.0,2023-09-07 15:36:05,2175.0,327.0,1.0,750.0,2023-09-07 15:36:04,2023-09-07 15:14:07
1694070848120,60.0,2023-09-07 15:36:05,4778.0,2450.0,1.0,960.0,2023-09-07 15:36:04,2023-09-07 15:14:08
1694070848680,34.0,2023-09-07 15:36:05,2341.0,2016.0,1.0,560.0,2023-09-07 15:36:04,2023-09-07 15:14:08
1694070849410,28.0,2023-09-07 15:36:05,545.0,807.0,1.0,730.0,2023-09-07 15:36:04,2023-09-07 15:14:09
1694070850180,12.0,2023-09-07 15:36:05,1217.0,1488.0,1.0,770.0,2023-09-07 15:36:04,2023-09-07 15:14:10
1694070850860,0.0,2023-09-07 15:36:05,2921.0,626.0,1.0,680.0,2023-09-07 15:36:04,2023-09-07 15:14:10
1694070852480,8.0,2023-09-07 15:36:05,1519.0,3533.0,1.0,1620.0,2023-09-07 15:36:04,2023-09-07 15:14:12
1694070853280,10.0,2023-09-07 15:36:05,713.0,614.0,1.0,800.0,2023-09-07 15:36:04,2023-09-07 15:14:13
1694070854060,2.0,2023-09-07 15:36:05,1424.0,640.0,1.0,780.0,2023-09-07 15:36:04,2023-09-07 15:14:14
1694070854870,12.0,2023-09-07 15:36:05,1709.0,884.0,1.0,810.0,2023-09-07 15:36:04,2023-09-07 15:14:14
1694070855630,32.0,2023-09-07 15:36:05,1129.0,751.0,1.0,760.0,2023-09-07 15:36:04,2023-09-07 15:14:15
1694070856530,6.0,2023-09-07 15:36:05,2508.0,2322.0,1.0,900.0,2023-09-07 15:36:04,2023-09-07 15:14:16
1694070857290,12.0,2023-09-07 15:36:05,2118.0,2631.0,1.0,760.0,2023-09-07 15:36:04,2023-09-07 15:14:17
1694070858010,14.0,2023-09-07 15:36:05,1323.0,967.0,1.0,720.0,2023-09-07 15:36:04,2023-09-07 15:14:18
1694070858700,8.0,2023-09-07 15:36:05,1480.0,598.0,1.0,690.0,2023-09-07 15:36:04,2023-09-07 15:14:18
1694070859430,6.0,2023-09-07 15:36:05,1579.0,1177.0,1.0,730.0,2023-09-07 15:36:04,2023-09-07 15:14:19
1694070860200,10.0,2023-09-07 15:36:05,1794.0,910.0,1.0,770.0,2023-09-07 15:36:04,2023-09-07 15:14:20
1694070861060,4.0,2023-09-07 15:36:05,1773.0,1416.0,1.0,860.0,2023-09-07 15:36:04,2023-09-07 15:14:21
1694070861900,14.0,2023-09-07 15:36:05,1826.0,1159.0,1.0,840.0,2023-09-07 15:36:04,2023-09-07 15:14:21
1694070862820,18.0,2023-09-07 15:36:05,1533.0,1225.0,1.0,920.0,2023-09-07 15:36:04,2023-09-07 15:14:22
1694070863590,8.0,2023-09-07 15:36:05,717.0,761.0,1.0,770.0,2023-09-07 15:36:05,2023-09-07 15:14:23
1694070864340,14.0,2023-09-07 15:36:05,494.0,834.0,1.0,750.0,2023-09-07 15:36:05,2023-09-07 15:14:24
1694070864980,8.0,2023-09-07 15:36:05,1347.0,557.0,1.0,640.0,2023-09-07 15:36:05,2023-09-07 15:14:24
1694070865800,8.0,2023-09-07 15:36:05,541.0,862.0,1.0,820.0,2023-09-07 15:36:05,2023-09-07 15:14:25
1694070866580,10.0,2023-09-07 15:36:05,1703.0,1042.0,1.0,780.0,2023-09-07 15:36:05,2023-09-07 15:14:26
1694070867440,8.0,2023-09-07 15:36:05,1191.0,976.0,1.0,860.0,2023-09-07 15:36:05,2023-09-07 15:14:27
1694070868250,14.0,2023-09-07 15:36:05,3116.0,798.0,1.0,810.0,2023-09-07 15:36:05,2023-09-07 15:14:28
1694070869100,6.0,2023-09-07 15:36:05,1184.0,1003.0,1.0,850.0,2023-09-07 15:36:05,2023-09-07 15:14:29
1694070869850,4.0,2023-09-07 15:36:05,1077.0,832.0,1.0,750.0,2023-09-07 15:36:05,2023-09-07 15:14:29
1694070870680,6.0,2023-09-07 15:36:05,1538.0,1139.0,1.0,830.0,2023-09-07 15:36:05,2023-09-07 15:14:30
1694070871380,10.0,2023-09-07 15:36:05,1273.0,1693.0,1.0,700.0,2023-09-07 15:36:05,2023-09-07 15:14:31
1694070872180,4.0,2023-09-07 15:36:05,938.0,1037.0,1.0,800.0,2023-09-07 15:36:05,2023-09-07 15:14:32
1694070873010,18.0,2023-09-07 15:36:05,1102.0,408.0,1.0,270.0,2023-09-07 15:36:05,2023-09-07 15:14:33
1694070873830,8.0,2023-09-07 15:36:05,960.0,1609.0,1.0,820.0,2023-09-07 15:36:05,2023-09-07 15:14:33
1694070874660,8.0,2023-09-07 15:36:05,718.0,894.0,1.0,830.0,2023-09-07 15:36:05,2023-09-07 15:14:34
1694070875340,6.0,2023-09-07 15:36:05,1216.0,857.0,1.0,680.0,2023-09-07 15:36:05,2023-09-07 15:14:35
1694070876120,10.0,2023-09-07 15:36:05,1248.0,948.0,1.0,780.0,2023-09-07 15:36:05,2023-09-07 15:14:36
1694070876940,10.0,2023-09-07 15:36:05,1166.0,902.0,1.0,820.0,2023-09-07 15:36:05,2023-09-07 15:14:36
1694070877690,36.0,2023-09-07 15:36:05,1569.0,565.0,1.0,750.0,2023-09-07 15:36:05,2023-09-07 15:14:37
1694070878420,20.0,2023-09-07 15:36:05,366.0,801.0,1.0,730.0,2023-09-07 15:36:05,2023-09-07 15:14:38
1694070878800,18.0,2023-09-07 15:36:05,263.0,367.0,1.0,380.0,2023-09-07 15:36:05,2023-09-07 15:14:38
1694070879270,12.0,2023-09-07 15:36:05,2251.0,1935.0,1.0,470.0,2023-09-07 15:36:05,2023-09-07 15:14:39
1694070879900,16.0,2023-09-07 15:36:05,570.0,1084.0,1.0,630.0,2023-09-07 15:36:05,2023-09-07 15:14:39
1694070880890,20.0,2023-09-07 15:36:05,1626.0,2065.0,1.0,990.0,2023-09-07 15:36:05,2023-09-07 15:14:40
1694070881500,22.0,2023-09-07 15:36:05,1106.0,916.0,1.0,610.0,2023-09-07 15:36:05,2023-09-07 15:14:41
1694070882110,18.0,2023-09-07 15:36:05,1440.0,816.0,1.0,610.0,2023-09-07 15:36:05,2023-09-07 15:14:42
1694070882860,6.0,2023-09-07 15:36:05,1224.0,897.0,1.0,750.0,2023-09-07 15:36:05,2023-09-07 15:14:42
1694070883560,6.0,2023-09-07 15:36:05,1287.0,708.0,1.0,700.0,2023-09-07 15:36:05,2023-09-07 15:14:43
1694070884340,6.0,2023-09-07 15:36:05,1183.0,430.0,1.0,780.0,2023-09-07 15:36:05,2023-09-07 15:14:44
1694070885430,8.0,2023-09-07 15:36:05,446.0,2495.0,1.0,1090.0,2023-09-07 15:36:05,2023-09-07 15:14:45
1694070886030,32.0,2023-09-07 15:36:05,1555.0,992.0,1.0,600.0,2023-09-07 15:36:05,2023-09-07 15:14:46
1694070886460,34.0,2023-09-07 15:36:05,62.0,746.0,1.0,430.0,2023-09-07 15:36:05,2023-09-07 15:14:46
1694070886760,10.0,2023-09-07 15:36:05,1740.0,419.0,1.0,300.0,2023-09-07 15:36:05,2023-09-07 15:14:46
1694070887440,10.0,2023-09-07 15:36:05,1227.0,652.0,1.0,680.0,2023-09-07 15:36:05,2023-09-07 15:14:47
1694070888360,302.0,2023-09-07 15:36:05,37331.0,7730.0,1.0,920.0,2023-09-07 15:36:05,2023-09-07 15:14:48
1694070888890,874.0,2023-09-07 15:36:05,24997.0,17639.0,1.0,530.0,2023-09-07 15:36:05,2023-09-07 15:14:48
1694070889470,506.0,2023-09-07 15:36:05,10019.0,20895.0,1.0,580.0,2023-09-07 15:36:05,2023-09-07 15:14:49
1694070889890,332.0,2023-09-07 15:36:05,111463.0,55832.0,1.0,420.0,2023-09-07 15:36:05,2023-09-07 15:14:49
1694070890980,220.0,2023-09-07 15:36:05,53569.0,95263.0,1.0,1090.0,2023-09-07 15:36:05,2023-09-07 15:14:50
1694070892040,18.0,2023-09-07 15:36:05,39316.0,105527.0,1.0,1060.0,2023-09-07 15:36:05,2023-09-07 15:14:52
1694070892670,34.0,2023-09-07 15:36:05,12667.0,3272.0,1.0,630.0,2023-09-07 15:36:05,2023-09-07 15:14:52
1694070893420,208.0,2023-09-07 15:36:05,51957.0,44389.0,1.0,750.0,2023-09-07 15:36:05,2023-09-07 15:14:53
1694070896480,318.0,2023-09-07 15:36:05,764.0,28164.0,1.0,1190.0,2023-09-07 15:36:05,2023-09-07 15:14:56
1694070896770,148.0,2023-09-07 15:36:05,48891.0,6665.0,1.0,290.0,2023-09-07 15:36:05,2023-09-07 15:14:56
1694070898040,108.0,2023-09-07 15:36:05,18087.0,10642.0,1.0,1270.0,2023-09-07 15:36:05,2023-09-07 15:14:58
1694070899070,238.0,2023-09-07 15:36:05,76691.0,40412.0,1.0,1030.0,2023-09-07 15:36:05,2023-09-07 15:14:59
1694070899890,84.0,2023-09-07 15:36:05,43947.0,77618.0,1.0,820.0,2023-09-07 15:36:05,2023-09-07 15:14:59
1694070900700,110.0,2023-09-07 15:36:05,46203.0,25977.0,1.0,810.0,2023-09-07 15:36:05,2023-09-07 15:15:00
1694070901690,38.0,2023-09-07 15:36:05,10206.0,15687.0,1.0,990.0,2023-09-07 15:36:05,2023-09-07 15:15:01
1694070902730,68.0,2023-09-07 15:36:05,64962.0,27617.0,1.0,1040.0,2023-09-07 15:36:05,2023-09-07 15:15:02
1694070904930,212.0,2023-09-07 15:36:05,61.0,6556.0,1.0,2200.0,2023-09-07 15:36:05,2023-09-07 15:15:04
1694070905240,38.0,2023-09-07 15:36:05,3954.0,1020.0,1.0,310.0,2023-09-07 15:36:05,2023-09-07 15:15:05
1694070906400,30.0,2023-09-07 15:36:05,8881.0,2508.0,1.0,1160.0,2023-09-07 15:36:05,2023-09-07 15:15:06
1694070907580,258.0,2023-09-07 15:36:05,1432.0,8737.0,1.0,1180.0,2023-09-07 15:36:05,2023-09-07 15:15:07
1694070907840,142.0,2023-09-07 15:36:05,2204.0,875.0,1.0,260.0,2023-09-07 15:36:05,2023-09-07 15:15:07
1694070908280,212.0,2023-09-07 15:36:05,242.0,6165.0,1.0,440.0,2023-09-07 15:36:05,2023-09-07 15:15:08
1694070908590,84.0,2023-09-07 15:36:05,8415.0,3581.0,1.0,310.0,2023-09-07 15:36:05,2023-09-07 15:15:08
1694070909130,214.0,2023-09-07 15:36:05,34913.0,7258.0,1.0,540.0,2023-09-07 15:36:05,2023-09-07 15:15:09
1694070910180,38.0,2023-09-07 15:36:05,22595.0,42148.0,1.0,1050.0,2023-09-07 15:36:05,2023-09-07 15:15:10
1694070911550,126.0,2023-09-07 15:36:05,4380.0,16770.0,1.0,1370.0,2023-09-07 15:36:05,2023-09-07 15:15:11
1694070911940,234.0,2023-09-07 15:36:05,20733.0,2715.0,1.0,390.0,2023-09-07 15:36:05,2023-09-07 15:15:11
1694070913360,12.0,2023-09-07 15:36:05,20214.0,55559.0,1.0,1420.0,2023-09-07 15:36:05,2023-09-07 15:15:13
1694070915390,6.0,2023-09-07 15:36:05,1758.0,1132.0,1.0,2030.0,2023-09-07 15:36:05,2023-09-07 15:15:15
1694070916040,18.0,2023-09-07 15:36:05,1460.0,929.0,1.0,650.0,2023-09-07 15:36:05,2023-09-07 15:15:16
1694070916740,2.0,2023-09-07 15:36:05,1422.0,1103.0,1.0,700.0,2023-09-07 15:36:05,2023-09-07 15:15:16
1694070917440,14.0,2023-09-07 15:36:05,1401.0,1031.0,1.0,700.0,2023-09-07 15:36:05,2023-09-07 15:15:17
1694070918380,404.0,2023-09-07 15:36:05,28198.0,13648.0,1.0,940.0,2023-09-07 15:36:05,2023-09-07 15:15:18
1694070919320,266.0,2023-09-07 15:36:05,26449.0,85913.0,1.0,940.0,2023-09-07 15:36:05,2023-09-07 15:15:19
1694070919960,112.0,2023-09-07 15:36:05,2809.0,5244.0,1.0,640.0,2023-09-07 15:36:05,2023-09-07 15:15:19
1694070920660,96.0,2023-09-07 15:36:05,1200.0,3874.0,1.0,700.0,2023-09-07 15:36:05,2023-09-07 15:15:20
1694070921410,112.0,2023-09-07 15:36:05,2284.0,12444.0,1.0,750.0,2023-09-07 15:36:05,2023-09-07 15:15:21
1694070921820,328.0,2023-09-07 15:36:05,21731.0,10425.0,1.0,410.0,2023-09-07 15:36:05,2023-09-07 15:15:21
1694070923220,236.0,2023-09-07 15:36:05,5805.0,94402.0,1.0,1400.0,2023-09-07 15:36:05,2023-09-07 15:15:23
1694070924660,12.0,2023-09-07 15:36:05,1214.0,6253.0,1.0,1440.0,2023-09-07 15:36:05,2023-09-07 15:15:24
1694070925340,18.0,2023-09-07 15:36:05,835.0,384.0,1.0,680.0,2023-09-07 15:36:05,2023-09-07 15:15:25
1694070926010,16.0,2023-09-07 15:36:05,398.0,367.0,1.0,670.0,2023-09-07 15:36:05,2023-09-07 15:15:26
1694070926680,10.0,2023-09-07 15:36:05,801.0,464.0,1.0,670.0,2023-09-07 15:36:05,2023-09-07 15:15:26
1694070927540,8.0,2023-09-07 15:36:05,223.0,660.0,1.0,860.0,2023-09-07 15:36:05,2023-09-07 15:15:27
1694070927980,16.0,2023-09-07 15:36:05,856.0,406.0,1.0,440.0,2023-09-07 15:36:05,2023-09-07 15:15:27
1694070928650,10.0,2023-09-07 15:36:05,838.0,575.0,1.0,670.0,2023-09-07 15:36:05,2023-09-07 15:15:28
1694070929340,4.0,2023-09-07 15:36:05,718.0,637.0,1.0,690.0,2023-09-07 15:36:05,2023-09-07 15:15:29
1694070930040,8.0,2023-09-07 15:36:05,1966.0,567.0,1.0,700.0,2023-09-07 15:36:05,2023-09-07 15:15:30
1694070931280,56.0,2023-09-07 15:36:05,2096.0,4534.0,1.0,1240.0,2023-09-07 15:36:05,2023-09-07 15:15:31
1694070932200,32.0,2023-09-07 15:36:05,3673.0,2106.0,1.0,920.0,2023-09-07 15:36:05,2023-09-07 15:15:32
1694070933570,134.0,2023-09-07 15:36:05,1059.0,6348.0,1.0,1370.0,2023-09-07 15:36:05,2023-09-07 15:15:33
1694070933950,136.0,2023-09-07 15:36:05,32558.0,1803.0,1.0,380.0,2023-09-07 15:36:05,2023-09-07 15:15:33
1694070934710,130.0,2023-09-07 15:36:05,71054.0,120061.0,1.0,760.0,2023-09-07 15:36:05,2023-09-07 15:15:34
1694070936530,44.0,2023-09-07 15:36:05,885.0,34974.0,1.0,1820.0,2023-09-07 15:36:05,2023-09-07 15:15:36
1694070937330,38.0,2023-09-07 15:36:05,7681.0,2465.0,1.0,380.0,2023-09-07 15:36:05,2023-09-07 15:15:37
1694070938060,220.0,2023-09-07 15:36:05,9471.0,5868.0,1.0,730.0,2023-09-07 15:36:05,2023-09-07 15:15:38
1694070939260,72.0,2023-09-07 15:36:05,10148.0,20078.0,1.0,1200.0,2023-09-07 15:36:05,2023-09-07 15:15:39
1694070939860,22.0,2023-09-07 15:36:05,10218.0,2702.0,1.0,600.0,2023-09-07 15:36:05,2023-09-07 15:15:39
1694070941120,14.0,2023-09-07 15:36:05,1377.0,21172.0,1.0,1260.0,2023-09-07 15:36:05,2023-09-07 15:15:41
1694070941500,6.0,2023-09-07 15:36:05,358.0,755.0,1.0,380.0,2023-09-07 15:36:05,2023-09-07 15:15:41
1694070942270,10.0,2023-09-07 15:36:05,6151.0,3933.0,1.0,770.0,2023-09-07 15:36:05,2023-09-07 15:15:42
1694070942900,10.0,2023-09-07 15:36:05,491.0,2674.0,1.0,630.0,2023-09-07 15:36:05,2023-09-07 15:15:42
1694070943160,32.0,2023-09-07 15:36:05,2343.0,1717.0,1.0,260.0,2023-09-07 15:36:05,2023-09-07 15:15:43
1694070943770,22.0,2023-09-07 15:36:05,819.0,666.0,1.0,610.0,2023-09-07 15:36:05,2023-09-07 15:15:43
1694070944210,110.0,2023-09-07 15:36:05,5237.0,2480.0,1.0,440.0,2023-09-07 15:36:05,2023-09-07 15:15:44
1694070944920,206.0,2023-09-07 15:36:05,37913.0,11013.0,1.0,710.0,2023-09-07 15:36:05,2023-09-07 15:15:44
1694070946030,172.0,2023-09-07 15:36:05,23868.0,22737.0,1.0,1110.0,2023-09-07 15:36:05,2023-09-07 15:15:46
1694070947170,62.0,2023-09-07 15:36:05,3423.0,18800.0,1.0,1140.0,2023-09-07 15:36:05,2023-09-07 15:15:47
1694070947800,78.0,2023-09-07 15:36:05,3079.0,2335.0,1.0,630.0,2023-09-07 15:36:05,2023-09-07 15:15:47
1694070948740,56.0,2023-09-07 15:36:05,2390.0,690.0,1.0,940.0,2023-09-07 15:36:05,2023-09-07 15:15:48
1694070949910,34.0,2023-09-07 15:36:05,8992.0,16628.0,1.0,1170.0,2023-09-07 15:36:05,2023-09-07 15:15:49
1694070951690,14.0,2023-09-07 15:36:05,876.0,5688.0,1.0,1780.0,2023-09-07 15:36:05,2023-09-07 15:15:51
1694070952360,32.0,2023-09-07 15:36:05,790.0,773.0,1.0,670.0,2023-09-07 15:36:05,2023-09-07 15:15:52
1694070952990,14.0,2023-09-07 15:36:05,267.0,994.0,1.0,630.0,2023-09-07 15:36:05,2023-09-07 15:15:52
1694070953560,8.0,2023-09-07 15:36:05,1033.0,671.0,1.0,570.0,2023-09-07 15:36:05,2023-09-07 15:15:53
1694070956030,124.0,2023-09-07 15:36:05,2998.0,1901.0,1.0,320.0,2023-09-07 15:36:05,2023-09-07 15:15:56
1694070956460,244.0,2023-09-07 15:36:05,892.0,293.0,1.0,430.0,2023-09-07 15:36:05,2023-09-07 15:15:56
1694070957130,24.0,2023-09-07 15:36:05,1587.0,3533.0,1.0,670.0,2023-09-07 15:36:05,2023-09-07 15:15:57
1694070957920,8.0,2023-09-07 15:36:05,2030.0,3722.0,1.0,790.0,2023-09-07 15:36:05,2023-09-07 15:15:57
1694070958800,12.0,2023-09-07 15:36:05,786.0,322.0,1.0,880.0,2023-09-07 15:36:05,2023-09-07 15:15:58
1694070959740,14.0,2023-09-07 15:36:05,979.0,1103.0,1.0,940.0,2023-09-07 15:36:05,2023-09-07 15:15:59
1694070960600,20.0,2023-09-07 15:36:05,1374.0,811.0,1.0,860.0,2023-09-07 15:36:05,2023-09-07 15:16:00
1694070961420,16.0,2023-09-07 15:36:05,1440.0,1024.0,1.0,820.0,2023-09-07 15:36:05,2023-09-07 15:16:01
1694070962290,36.0,2023-09-07 15:36:05,2132.0,1494.0,1.0,870.0,2023-09-07 15:36:05,2023-09-07 15:16:02
1694070963070,4.0,2023-09-07 15:36:05,2032.0,2931.0,1.0,780.0,2023-09-07 15:36:05,2023-09-07 15:16:03
1694070963850,14.0,2023-09-07 15:36:05,1709.0,961.0,1.0,780.0,2023-09-07 15:36:05,2023-09-07 15:16:03
1694070964660,6.0,2023-09-07 15:36:05,1600.0,1315.0,1.0,810.0,2023-09-07 15:36:05,2023-09-07 15:16:04
1694070965500,2.0,2023-09-07 15:36:05,1608.0,1226.0,1.0,840.0,2023-09-07 15:36:05,2023-09-07 15:16:05
1694070966360,10.0,2023-09-07 15:36:05,1261.0,1311.0,1.0,860.0,2023-09-07 15:36:05,2023-09-07 15:16:06
1694070967190,162.0,2023-09-07 15:36:05,13933.0,973.0,1.0,830.0,2023-09-07 15:36:05,2023-09-07 15:16:07
1694070968100,202.0,2023-09-07 15:36:05,9332.0,9735.0,1.0,910.0,2023-09-07 15:36:05,2023-09-07 15:16:08
1694070968700,26.0,2023-09-07 15:36:05,10366.0,11102.0,1.0,600.0,2023-09-07 15:36:05,2023-09-07 15:16:08
1694070969880,36.0,2023-09-07 15:36:05,2691.0,11916.0,1.0,1180.0,2023-09-07 15:36:05,2023-09-07 15:16:09
1694070970840,12.0,2023-09-07 15:36:05,774.0,1883.0,1.0,960.0,2023-09-07 15:36:05,2023-09-07 15:16:10
1694070971560,4.0,2023-09-07 15:36:05,2136.0,1079.0,1.0,720.0,2023-09-07 15:36:05,2023-09-07 15:16:11
1694070972450,36.0,2023-09-07 15:36:05,3636.0,1934.0,1.0,890.0,2023-09-07 15:36:05,2023-09-07 15:16:12
1694070973230,14.0,2023-09-07 15:36:05,523.0,1619.0,1.0,780.0,2023-09-07 15:36:05,2023-09-07 15:16:13
1694070973850,12.0,2023-09-07 15:36:05,1035.0,750.0,1.0,620.0,2023-09-07 15:36:05,2023-09-07 15:16:13
1694070974670,8.0,2023-09-07 15:36:05,1365.0,846.0,1.0,820.0,2023-09-07 15:36:05,2023-09-07 15:16:14
1694070976280,192.0,2023-09-07 15:36:05,1985.0,7228.0,1.0,1610.0,2023-09-07 15:36:05,2023-09-07 15:16:16
1694070976760,166.0,2023-09-07 15:36:05,30357.0,3547.0,1.0,480.0,2023-09-07 15:36:05,2023-09-07 15:16:16
1694070978050,148.0,2023-09-07 15:36:05,437.0,5997.0,1.0,1290.0,2023-09-07 15:36:05,2023-09-07 15:16:18
1694070978500,32.0,2023-09-07 15:36:05,18251.0,9872.0,1.0,450.0,2023-09-07 15:36:05,2023-09-07 15:16:18
1694070979240,112.0,2023-09-07 15:36:05,15141.0,5125.0,1.0,740.0,2023-09-07 15:36:05,2023-09-07 15:16:19
1694070980090,52.0,2023-09-07 15:36:05,3519.0,36600.0,1.0,850.0,2023-09-07 15:36:05,2023-09-07 15:16:20
1694070980780,108.0,2023-09-07 15:36:05,1609.0,568.0,1.0,690.0,2023-09-07 15:36:05,2023-09-07 15:16:20
1694070981120,82.0,2023-09-07 15:36:05,4184.0,3082.0,1.0,340.0,2023-09-07 15:36:05,2023-09-07 15:16:21
1694070982010,82.0,2023-09-07 15:36:05,17002.0,10193.0,1.0,890.0,2023-09-07 15:36:05,2023-09-07 15:16:22
1694070982690,44.0,2023-09-07 15:36:05,2694.0,16734.0,1.0,680.0,2023-09-07 15:36:05,2023-09-07 15:16:22
1694070983380,44.0,2023-09-07 15:36:05,5874.0,1308.0,1.0,690.0,2023-09-07 15:36:05,2023-09-07 15:16:23
1694070984740,30.0,2023-09-07 15:36:05,14640.0,6896.0,1.0,1360.0,2023-09-07 15:36:05,2023-09-07 15:16:24
1694070986360,48.0,2023-09-07 15:36:05,11322.0,4930.0,1.0,1620.0,2023-09-07 15:36:05,2023-09-07 15:16:26
1694070986970,404.0,2023-09-07 15:36:05,22012.0,10420.0,1.0,610.0,2023-09-07 15:36:05,2023-09-07 15:16:26
1694070987760,20.0,2023-09-07 15:36:05,8733.0,7567.0,1.0,790.0,2023-09-07 15:36:05,2023-09-07 15:16:27
1694070989320,54.0,2023-09-07 15:36:05,6768.0,16263.0,1.0,1560.0,2023-09-07 15:36:05,2023-09-07 15:16:29
1694070990820,38.0,2023-09-07 15:36:05,875.0,1426.0,1.0,1500.0,2023-09-07 15:36:05,2023-09-07 15:16:30
1694070991140,20.0,2023-09-07 15:36:05,679.0,643.0,1.0,320.0,2023-09-07 15:36:05,2023-09-07 15:16:31
1694070991970,36.0,2023-09-07 15:36:05,828.0,6372.0,1.0,830.0,2023-09-07 15:36:05,2023-09-07 15:16:31
1694070992440,28.0,2023-09-07 15:36:05,239.0,1801.0,1.0,470.0,2023-09-07 15:36:05,2023-09-07 15:16:32
1694070992790,22.0,2023-09-07 15:36:05,597.0,235.0,1.0,350.0,2023-09-07 15:36:05,2023-09-07 15:16:32
1694070993250,30.0,2023-09-07 15:36:05,1180.0,1500.0,1.0,460.0,2023-09-07 15:36:05,2023-09-07 15:16:33
1694070994050,10.0,2023-09-07 15:36:05,878.0,2448.0,1.0,800.0,2023-09-07 15:36:05,2023-09-07 15:16:34
1694070994840,20.0,2023-09-07 15:36:05,830.0,436.0,1.0,790.0,2023-09-07 15:36:05,2023-09-07 15:16:34
1694070995660,6.0,2023-09-07 15:36:05,722.0,357.0,1.0,820.0,2023-09-07 15:36:05,2023-09-07 15:16:35
1694070996430,6.0,2023-09-07 15:36:05,677.0,466.0,1.0,770.0,2023-09-07 15:36:05,2023-09-07 15:16:36
1694070997230,8.0,2023-09-07 15:36:05,1119.0,1052.0,1.0,800.0,2023-09-07 15:36:05,2023-09-07 15:16:37
1694070998010,10.0,2023-09-07 15:36:05,1162.0,738.0,1.0,780.0,2023-09-07 15:36:05,2023-09-07 15:16:38
1694070998770,50.0,2023-09-07 15:36:05,2509.0,968.0,1.0,760.0,2023-09-07 15:36:05,2023-09-07 15:16:38
1694070999580,26.0,2023-09-07 15:36:05,889.0,896.0,1.0,810.0,2023-09-07 15:36:05,2023-09-07 15:16:39
1694071000070,90.0,2023-09-07 15:36:05,684.0,484.0,1.0,490.0,2023-09-07 15:36:05,2023-09-07 15:16:40
1694071000390,12.0,2023-09-07 15:36:05,500.0,807.0,1.0,320.0,2023-09-07 15:36:05,2023-09-07 15:16:40
1694071000920,28.0,2023-09-07 15:36:05,641.0,1028.0,1.0,530.0,2023-09-07 15:36:05,2023-09-07 15:16:40
1694071001740,298.0,2023-09-07 15:36:05,10794.0,2989.0,1.0,820.0,2023-09-07 15:36:05,2023-09-07 15:16:41
1694071002750,30.0,2023-09-07 15:36:05,10839.0,41042.0,1.0,1010.0,2023-09-07 15:36:05,2023-09-07 15:16:42
1694071003540,64.0,2023-09-07 15:36:05,1553.0,3414.0,1.0,790.0,2023-09-07 15:36:05,2023-09-07 15:16:43
1694071004060,26.0,2023-09-07 15:36:05,2744.0,848.0,1.0,520.0,2023-09-07 15:36:05,2023-09-07 15:16:44
1694071004980,116.0,2023-09-07 15:36:05,2854.0,3814.0,1.0,920.0,2023-09-07 15:36:05,2023-09-07 15:16:44
1694071005440,104.0,2023-09-07 15:36:05,7371.0,7370.0,1.0,460.0,2023-09-07 15:36:05,2023-09-07 15:16:45
1694071006390,36.0,2023-09-07 15:36:05,7417.0,21026.0,1.0,950.0,2023-09-07 15:36:05,2023-09-07 15:16:46
1694071007250,42.0,2023-09-07 15:36:05,4725.0,9036.0,1.0,860.0,2023-09-07 15:36:05,2023-09-07 15:16:47
1694071008220,4.0,2023-09-07 15:36:05,578.0,4255.0,1.0,970.0,2023-09-07 15:36:05,2023-09-07 15:16:48
1694071008900,34.0,2023-09-07 15:36:05,1371.0,1075.0,1.0,680.0,2023-09-07 15:36:05,2023-09-07 15:16:48
1694071009790,30.0,2023-09-07 15:36:05,3535.0,6442.0,1.0,890.0,2023-09-07 15:36:05,2023-09-07 15:16:49
1694071010630,24.0,2023-09-07 15:36:05,966.0,4448.0,1.0,840.0,2023-09-07 15:36:05,2023-09-07 15:16:50
1694071011270,8.0,2023-09-07 15:36:05,1483.0,1973.0,1.0,640.0,2023-09-07 15:36:05,2023-09-07 15:16:51
1694071012080,10.0,2023-09-07 15:36:05,4241.0,1034.0,1.0,810.0,2023-09-07 15:36:05,2023-09-07 15:16:52
1694071013060,16.0,2023-09-07 15:36:05,332.0,1235.0,1.0,980.0,2023-09-07 15:36:05,2023-09-07 15:16:53
1694071013340,22.0,2023-09-07 15:36:05,382.0,124.0,1.0,280.0,2023-09-07 15:36:05,2023-09-07 15:16:53
1694071013900,50.0,2023-09-07 15:36:05,1429.0,476.0,1.0,560.0,2023-09-07 15:36:05,2023-09-07 15:16:53
1694071016390,22.0,2023-09-07 15:36:05,1114.0,1901.0,1.0,880.0,2023-09-07 15:36:05,2023-09-07 15:16:56
1694071017200,24.0,2023-09-07 15:36:05,1417.0,1475.0,1.0,810.0,2023-09-07 15:36:05,2023-09-07 15:16:57
1694071018210,280.0,2023-09-07 15:36:05,2411.0,3028.0,1.0,1010.0,2023-09-07 15:36:05,2023-09-07 15:16:58
1694071018650,182.0,2023-09-07 15:36:05,648.0,1585.0,1.0,440.0,2023-09-07 15:36:05,2023-09-07 15:16:58
1694071019380,376.0,2023-09-07 15:36:05,36239.0,17964.0,1.0,730.0,2023-09-07 15:36:05,2023-09-07 15:16:59
1694071020480,146.0,2023-09-07 15:36:05,53800.0,41300.0,1.0,1100.0,2023-09-07 15:36:05,2023-09-07 15:17:00
1694071021560,174.0,2023-09-07 15:36:05,26130.0,21677.0,1.0,1080.0,2023-09-07 15:36:05,2023-09-07 15:17:01
1694071022360,56.0,2023-09-07 15:36:05,6078.0,3509.0,1.0,800.0,2023-09-07 15:36:05,2023-09-07 15:17:02
1694071023590,38.0,2023-09-07 15:36:05,3046.0,6630.0,1.0,1230.0,2023-09-07 15:36:05,2023-09-07 15:17:03
1694071024240,118.0,2023-09-07 15:36:05,44988.0,9488.0,1.0,650.0,2023-09-07 15:36:05,2023-09-07 15:17:04
1694071025420,120.0,2023-09-07 15:36:05,810.0,23948.0,1.0,1180.0,2023-09-07 15:36:05,2023-09-07 15:17:05
1694071025710,112.0,2023-09-07 15:36:05,2472.0,1261.0,1.0,290.0,2023-09-07 15:36:05,2023-09-07 15:17:05
1694071026170,122.0,2023-09-07 15:36:05,118.0,105.0,1.0,460.0,2023-09-07 15:36:05,2023-09-07 15:17:06
1694071027120,244.0,2023-09-07 15:36:05,26204.0,6647.0,1.0,950.0,2023-09-07 15:36:05,2023-09-07 15:17:07
1694071027830,392.0,2023-09-07 15:36:05,21632.0,16082.0,1.0,710.0,2023-09-07 15:36:05,2023-09-07 15:17:07
1694071028610,34.0,2023-09-07 15:36:05,26635.0,6892.0,1.0,780.0,2023-09-07 15:36:05,2023-09-07 15:17:08
1694071029530,50.0,2023-09-07 15:36:05,28304.0,38069.0,1.0,920.0,2023-09-07 15:36:05,2023-09-07 15:17:09
1694071030840,90.0,2023-09-07 15:36:05,2635.0,19161.0,1.0,1310.0,2023-09-07 15:36:05,2023-09-07 15:17:10
1694071031240,66.0,2023-09-07 15:36:05,2418.0,3124.0,1.0,400.0,2023-09-07 15:36:05,2023-09-07 15:17:11
1694071031950,42.0,2023-09-07 15:36:05,1832.0,2192.0,1.0,710.0,2023-09-07 15:36:05,2023-09-07 15:17:11
1694071032340,96.0,2023-09-07 15:36:05,379.0,1180.0,1.0,390.0,2023-09-07 15:36:05,2023-09-07 15:17:12
1694071032650,94.0,2023-09-07 15:36:05,545.0,435.0,1.0,310.0,2023-09-07 15:36:05,2023-09-07 15:17:12
1694071033580,14.0,2023-09-07 15:36:05,3627.0,14020.0,1.0,930.0,2023-09-07 15:36:05,2023-09-07 15:17:13
1694071034400,8.0,2023-09-07 15:36:05,2610.0,1681.0,1.0,820.0,2023-09-07 15:36:05,2023-09-07 15:17:14
1694071035210,18.0,2023-09-07 15:36:05,1371.0,6469.0,1.0,810.0,2023-09-07 15:36:05,2023-09-07 15:17:15
1694071036040,42.0,2023-09-07 15:36:05,1057.0,3611.0,1.0,830.0,2023-09-07 15:36:05,2023-09-07 15:17:16
1694071036360,48.0,2023-09-07 15:36:05,3063.0,167.0,1.0,320.0,2023-09-07 15:36:05,2023-09-07 15:17:16
1694071037070,14.0,2023-09-07 15:36:05,2002.0,2089.0,1.0,710.0,2023-09-07 15:36:05,2023-09-07 15:17:17
1694071037640,20.0,2023-09-07 15:36:05,1911.0,3130.0,1.0,570.0,2023-09-07 15:36:05,2023-09-07 15:17:17
1694071038340,56.0,2023-09-07 15:36:05,9907.0,2169.0,1.0,700.0,2023-09-07 15:36:05,2023-09-07 15:17:18
1694071039330,10.0,2023-09-07 15:36:05,516.0,4809.0,1.0,990.0,2023-09-07 15:36:05,2023-09-07 15:17:19
1694071039980,8.0,2023-09-07 15:36:05,2551.0,1313.0,1.0,650.0,2023-09-07 15:36:05,2023-09-07 15:17:19
1694071040770,16.0,2023-09-07 15:36:05,1239.0,986.0,1.0,790.0,2023-09-07 15:36:05,2023-09-07 15:17:20
1694071041700,20.0,2023-09-07 15:36:05,1448.0,2278.0,1.0,930.0,2023-09-07 15:36:05,2023-09-07 15:17:21
1694071042560,10.0,2023-09-07 15:36:05,1271.0,2603.0,1.0,860.0,2023-09-07 15:36:05,2023-09-07 15:17:22
1694071043400,56.0,2023-09-07 15:36:05,157.0,2084.0,1.0,840.0,2023-09-07 15:36:05,2023-09-07 15:17:23
1694071043710,50.0,2023-09-07 15:36:05,259.0,562.0,1.0,310.0,2023-09-07 15:36:05,2023-09-07 15:17:23
1694071044080,282.0,2023-09-07 15:36:05,2916.0,2283.0,1.0,370.0,2023-09-07 15:36:05,2023-09-07 15:17:24
1694071044390,166.0,2023-09-07 15:36:05,3392.0,8859.0,1.0,310.0,2023-09-07 15:36:05,2023-09-07 15:17:24
1694071044770,108.0,2023-09-07 15:36:05,19007.0,16140.0,1.0,380.0,2023-09-07 15:36:05,2023-09-07 15:17:24
1694071045410,32.0,2023-09-07 15:36:05,11004.0,33552.0,1.0,640.0,2023-09-07 15:36:05,2023-09-07 15:17:25
1694071045830,46.0,2023-09-07 15:36:05,4698.0,2396.0,1.0,420.0,2023-09-07 15:36:05,2023-09-07 15:17:25
1694071046790,78.0,2023-09-07 15:36:05,19646.0,17110.0,1.0,960.0,2023-09-07 15:36:05,2023-09-07 15:17:26
1694071047690,14.0,2023-09-07 15:36:05,913.0,23626.0,1.0,900.0,2023-09-07 15:36:05,2023-09-07 15:17:27
1694071048480,46.0,2023-09-07 15:36:05,16324.0,22478.0,1.0,790.0,2023-09-07 15:36:05,2023-09-07 15:17:28
1694071049770,2.0,2023-09-07 15:36:05,6663.0,41988.0,1.0,1290.0,2023-09-07 15:36:05,2023-09-07 15:17:29
1694071051310,6.0,2023-09-07 15:36:05,1654.0,861.0,1.0,1540.0,2023-09-07 15:36:05,2023-09-07 15:17:31
1694071052070,4.0,2023-09-07 15:36:05,1530.0,960.0,1.0,760.0,2023-09-07 15:36:05,2023-09-07 15:17:32
1694071052840,2.0,2023-09-07 15:36:05,1589.0,871.0,1.0,770.0,2023-09-07 15:36:05,2023-09-07 15:17:32
1694071053650,2.0,2023-09-07 15:36:05,2239.0,979.0,1.0,810.0,2023-09-07 15:36:05,2023-09-07 15:17:33
1694071054490,2.0,2023-09-07 15:36:05,1495.0,1342.0,1.0,840.0,2023-09-07 15:36:05,2023-09-07 15:17:34
1694071055350,4.0,2023-09-07 15:36:05,1652.0,1116.0,1.0,860.0,2023-09-07 15:36:05,2023-09-07 15:17:35
1694071056120,6.0,2023-09-07 15:36:05,1778.0,1088.0,1.0,770.0,2023-09-07 15:36:05,2023-09-07 15:17:36
1694071056980,12.0,2023-09-07 15:36:05,1596.0,983.0,1.0,860.0,2023-09-07 15:36:05,2023-09-07 15:17:36
1694071057810,6.0,2023-09-07 15:36:05,1567.0,1207.0,1.0,830.0,2023-09-07 15:36:05,2023-09-07 15:17:37
1694071058550,14.0,2023-09-07 15:36:05,1646.0,907.0,1.0,740.0,2023-09-07 15:36:05,2023-09-07 15:17:38
1694071059360,10.0,2023-09-07 15:36:05,1797.0,1813.0,1.0,810.0,2023-09-07 15:36:05,2023-09-07 15:17:39
1694071060140,4.0,2023-09-07 15:36:05,2366.0,1521.0,1.0,780.0,2023-09-07 15:36:05,2023-09-07 15:17:40
1694071060950,12.0,2023-09-07 15:36:05,2496.0,1545.0,1.0,810.0,2023-09-07 15:36:05,2023-09-07 15:17:40
1694071061800,18.0,2023-09-07 15:36:05,1741.0,1834.0,1.0,850.0,2023-09-07 15:36:05,2023-09-07 15:17:41
1694071062600,8.0,2023-09-07 15:36:05,2573.0,1511.0,1.0,800.0,2023-09-07 15:36:05,2023-09-07 15:17:42
1694071063370,12.0,2023-09-07 15:36:05,1982.0,1472.0,1.0,770.0,2023-09-07 15:36:05,2023-09-07 15:17:43
1694071064180,6.0,2023-09-07 15:36:05,2282.0,1785.0,1.0,810.0,2023-09-07 15:36:05,2023-09-07 15:17:44
1694071064990,6.0,2023-09-07 15:36:05,2143.0,1596.0,1.0,810.0,2023-09-07 15:36:05,2023-09-07 15:17:44
1694071065820,8.0,2023-09-07 15:36:05,1768.0,1277.0,1.0,830.0,2023-09-07 15:36:05,2023-09-07 15:17:45
1694071066600,10.0,2023-09-07 15:36:05,1993.0,1316.0,1.0,780.0,2023-09-07 15:36:05,2023-09-07 15:17:46
1694071067300,18.0,2023-09-07 15:36:05,1683.0,944.0,1.0,700.0,2023-09-07 15:36:05,2023-09-07 15:17:47
1694071068050,4.0,2023-09-07 15:36:05,1899.0,1238.0,1.0,750.0,2023-09-07 15:36:05,2023-09-07 15:17:48
1694071068800,2.0,2023-09-07 15:36:05,1622.0,1424.0,1.0,750.0,2023-09-07 15:36:05,2023-09-07 15:17:48
1694071069520,6.0,2023-09-07 15:36:05,1559.0,1206.0,1.0,720.0,2023-09-07 15:36:05,2023-09-07 15:17:49
1694071070250,8.0,2023-09-07 15:36:05,1857.0,1226.0,1.0,730.0,2023-09-07 15:36:05,2023-09-07 15:17:50
1694071070960,4.0,2023-09-07 15:36:05,1551.0,1139.0,1.0,710.0,2023-09-07 15:36:05,2023-09-07 15:17:50
1694071071630,12.0,2023-09-07 15:36:05,1350.0,843.0,1.0,670.0,2023-09-07 15:36:05,2023-09-07 15:17:51
1694071072320,10.0,2023-09-07 15:36:05,1646.0,832.0,1.0,690.0,2023-09-07 15:36:05,2023-09-07 15:17:52
1694071073010,10.0,2023-09-07 15:36:05,1346.0,991.0,1.0,690.0,2023-09-07 15:36:05,2023-09-07 15:17:53
1694071073730,4.0,2023-09-07 15:36:05,1592.0,1379.0,1.0,720.0,2023-09-07 15:36:05,2023-09-07 15:17:53
1694071076730,12.0,2023-09-07 15:36:05,1383.0,767.0,1.0,750.0,2023-09-07 15:36:05,2023-09-07 15:17:56
1694071077540,2.0,2023-09-07 15:36:05,1313.0,1253.0,1.0,810.0,2023-09-07 15:36:05,2023-09-07 15:17:57
1694071078360,8.0,2023-09-07 15:36:05,1800.0,1250.0,1.0,820.0,2023-09-07 15:36:05,2023-09-07 15:17:58
1694071079160,6.0,2023-09-07 15:36:05,1919.0,1178.0,1.0,800.0,2023-09-07 15:36:05,2023-09-07 15:17:59
1694071079940,4.0,2023-09-07 15:36:05,1627.0,1026.0,1.0,780.0,2023-09-07 15:36:05,2023-09-07 15:17:59
1694071080690,14.0,2023-09-07 15:36:05,1955.0,970.0,1.0,750.0,2023-09-07 15:36:05,2023-09-07 15:18:00
1694071081420,10.0,2023-09-07 15:36:05,1612.0,1408.0,1.0,730.0,2023-09-07 15:36:05,2023-09-07 15:18:01
1694071082110,4.0,2023-09-07 15:36:05,2166.0,1336.0,1.0,690.0,2023-09-07 15:36:05,2023-09-07 15:18:02
1694071082850,12.0,2023-09-07 15:36:05,2142.0,1495.0,1.0,740.0,2023-09-07 15:36:05,2023-09-07 15:18:02
1694071083570,8.0,2023-09-07 15:36:05,2472.0,1622.0,1.0,720.0,2023-09-07 15:36:05,2023-09-07 15:18:03
1694071084300,4.0,2023-09-07 15:36:05,1875.0,1751.0,1.0,730.0,2023-09-07 15:36:05,2023-09-07 15:18:04
1694071085060,4.0,2023-09-07 15:36:05,2412.0,2115.0,1.0,760.0,2023-09-07 15:36:05,2023-09-07 15:18:05
1694071085600,92.0,2023-09-07 15:36:05,28243.0,754.0,1.0,540.0,2023-09-07 15:36:05,2023-09-07 15:18:05
1694071086650,44.0,2023-09-07 15:36:05,8736.0,12321.0,1.0,1050.0,2023-09-07 15:36:05,2023-09-07 15:18:06
1694071087480,8.0,2023-09-07 15:36:05,642.0,2537.0,1.0,830.0,2023-09-07 15:36:05,2023-09-07 15:18:07
1694071088170,10.0,2023-09-07 15:36:05,2582.0,1077.0,1.0,690.0,2023-09-07 15:36:05,2023-09-07 15:18:08
1694071088960,6.0,2023-09-07 15:36:05,1799.0,1154.0,1.0,790.0,2023-09-07 15:36:05,2023-09-07 15:18:08
1694071089780,278.0,2023-09-07 15:36:05,6062.0,902.0,1.0,820.0,2023-09-07 15:36:05,2023-09-07 15:18:09
1694071090660,278.0,2023-09-07 15:36:05,10823.0,16643.0,1.0,880.0,2023-09-07 15:36:05,2023-09-07 15:18:10
1694071091490,198.0,2023-09-07 15:36:05,8293.0,5824.0,1.0,830.0,2023-09-07 15:36:05,2023-09-07 15:18:11
1694071092250,76.0,2023-09-07 15:36:05,655.0,1928.0,1.0,760.0,2023-09-07 15:36:05,2023-09-07 15:18:12
1694071093150,130.0,2023-09-07 15:36:05,97790.0,6238.0,1.0,900.0,2023-09-07 15:36:05,2023-09-07 15:18:13
1694071094700,112.0,2023-09-07 15:36:05,64369.0,67378.0,1.0,1550.0,2023-09-07 15:36:05,2023-09-07 15:18:14
1694071095670,56.0,2023-09-07 15:36:05,24722.0,46775.0,1.0,970.0,2023-09-07 15:36:05,2023-09-07 15:18:15
1694071096760,54.0,2023-09-07 15:36:05,813.0,9806.0,1.0,1090.0,2023-09-07 15:36:05,2023-09-07 15:18:16
1694071097150,4.0,2023-09-07 15:36:05,775.0,1151.0,1.0,390.0,2023-09-07 15:36:05,2023-09-07 15:18:17
1694071097470,76.0,2023-09-07 15:36:05,20119.0,3285.0,1.0,320.0,2023-09-07 15:36:05,2023-09-07 15:18:17
1694071097940,68.0,2023-09-07 15:36:05,1443.0,16714.0,1.0,470.0,2023-09-07 15:36:05,2023-09-07 15:18:17
1694071098600,152.0,2023-09-07 15:36:05,4866.0,16162.0,1.0,660.0,2023-09-07 15:36:05,2023-09-07 15:18:18
1694071098940,14.0,2023-09-07 15:36:05,7392.0,3151.0,1.0,340.0,2023-09-07 15:36:05,2023-09-07 15:18:18
1694071099630,60.0,2023-09-07 15:36:05,21975.0,24510.0,1.0,690.0,2023-09-07 15:36:05,2023-09-07 15:18:19
1694071100290,16.0,2023-09-07 15:36:05,4048.0,6108.0,1.0,660.0,2023-09-07 15:36:05,2023-09-07 15:18:20
1694071100660,98.0,2023-09-07 15:36:05,8736.0,10235.0,1.0,370.0,2023-09-07 15:36:05,2023-09-07 15:18:20
1694071101040,30.0,2023-09-07 15:36:05,3727.0,1503.0,1.0,380.0,2023-09-07 15:36:05,2023-09-07 15:18:21
1694071101670,48.0,2023-09-07 15:36:05,11835.0,31559.0,1.0,630.0,2023-09-07 15:36:05,2023-09-07 15:18:21
1694071102220,92.0,2023-09-07 15:36:05,5238.0,9433.0,1.0,550.0,2023-09-07 15:36:05,2023-09-07 15:18:22
1694071102750,106.0,2023-09-07 15:36:05,2640.0,23836.0,1.0,530.0,2023-09-07 15:36:05,2023-09-07 15:18:22
1694071103010,42.0,2023-09-07 15:36:05,2621.0,2104.0,1.0,260.0,2023-09-07 15:36:05,2023-09-07 15:18:23
1694071103390,82.0,2023-09-07 15:36:05,2847.0,5550.0,1.0,380.0,2023-09-07 15:36:05,2023-09-07 15:18:23
1694071103740,74.0,2023-09-07 15:36:05,13462.0,3321.0,1.0,350.0,2023-09-07 15:36:05,2023-09-07 15:18:23
1694071105180,56.0,2023-09-07 15:36:05,5784.0,47091.0,1.0,1440.0,2023-09-07 15:36:05,2023-09-07 15:18:25
1694071105680,60.0,2023-09-07 15:36:05,2384.0,6083.0,1.0,500.0,2023-09-07 15:36:05,2023-09-07 15:18:25
1694071106100,54.0,2023-09-07 15:36:05,7641.0,13848.0,1.0,420.0,2023-09-07 15:36:05,2023-09-07 15:18:26
1694071106720,84.0,2023-09-07 15:36:05,18097.0,15436.0,1.0,620.0,2023-09-07 15:36:05,2023-09-07 15:18:26
1694071107510,12.0,2023-09-07 15:36:05,9512.0,9534.0,1.0,790.0,2023-09-07 15:36:05,2023-09-07 15:18:27
1694071108270,20.0,2023-09-07 15:36:05,20078.0,13128.0,1.0,760.0,2023-09-07 15:36:05,2023-09-07 15:18:28
1694071109100,46.0,2023-09-07 15:36:05,41088.0,10921.0,1.0,830.0,2023-09-07 15:36:05,2023-09-07 15:18:29
1694071110460,152.0,2023-09-07 15:36:05,3830.0,10375.0,1.0,1360.0,2023-09-07 15:36:05,2023-09-07 15:18:30
1694071111390,110.0,2023-09-07 15:36:05,30695.0,18542.0,1.0,930.0,2023-09-07 15:36:05,2023-09-07 15:18:31
1694071112330,32.0,2023-09-07 15:36:05,10756.0,23487.0,1.0,940.0,2023-09-07 15:36:05,2023-09-07 15:18:32
1694071112990,78.0,2023-09-07 15:36:05,3404.0,8136.0,1.0,660.0,2023-09-07 15:36:05,2023-09-07 15:18:32
1694071113260,132.0,2023-09-07 15:36:05,4835.0,2199.0,1.0,270.0,2023-09-07 15:36:05,2023-09-07 15:18:33
1694071113710,52.0,2023-09-07 15:36:05,3201.0,15384.0,1.0,450.0,2023-09-07 15:36:05,2023-09-07 15:18:33
1694071114040,24.0,2023-09-07 15:36:05,170.0,5247.0,1.0,330.0,2023-09-07 15:36:05,2023-09-07 15:18:34
1694071114350,22.0,2023-09-07 15:36:05,7571.0,2006.0,1.0,310.0,2023-09-07 15:36:05,2023-09-07 15:18:34
1694071115100,18.0,2023-09-07 15:36:05,16456.0,15638.0,1.0,750.0,2023-09-07 15:36:05,2023-09-07 15:18:35
1694071115970,18.0,2023-09-07 15:36:05,3030.0,2554.0,1.0,870.0,2023-09-07 15:36:05,2023-09-07 15:18:35
1694071116470,8.0,2023-09-07 15:36:05,2279.0,1385.0,1.0,500.0,2023-09-07 15:36:05,2023-09-07 15:18:36
1694071117160,18.0,2023-09-07 15:36:05,1114.0,3685.0,1.0,690.0,2023-09-07 15:36:05,2023-09-07 15:18:37
1694071117420,36.0,2023-09-07 15:36:05,1002.0,2396.0,1.0,260.0,2023-09-07 15:36:05,2023-09-07 15:18:37
1694071117680,46.0,2023-09-07 15:36:05,33066.0,1400.0,1.0,260.0,2023-09-07 15:36:05,2023-09-07 15:18:37
1694071119070,16.0,2023-09-07 15:36:05,16433.0,22480.0,1.0,1390.0,2023-09-07 15:36:05,2023-09-07 15:18:39
1694071120270,16.0,2023-09-07 15:36:05,17995.0,8659.0,1.0,1200.0,2023-09-07 15:36:05,2023-09-07 15:18:40
1694071121480,32.0,2023-09-07 15:36:05,4169.0,40939.0,1.0,1210.0,2023-09-07 15:36:05,2023-09-07 15:18:41
1694071122480,30.0,2023-09-07 15:36:05,1877.0,3577.0,1.0,1000.0,2023-09-07 15:36:05,2023-09-07 15:18:42
1694071122800,106.0,2023-09-07 15:36:05,634.0,1115.0,1.0,320.0,2023-09-07 15:36:05,2023-09-07 15:18:42
1694071123100,22.0,2023-09-07 15:36:05,22645.0,2162.0,1.0,300.0,2023-09-07 15:36:05,2023-09-07 15:18:43
1694071124350,46.0,2023-09-07 15:36:05,55883.0,21655.0,1.0,1250.0,2023-09-07 15:36:05,2023-09-07 15:18:44
1694071126760,4.0,2023-09-07 15:36:05,6986.0,51026.0,1.0,2410.0,2023-09-07 15:36:05,2023-09-07 15:18:46
1694071127630,76.0,2023-09-07 15:36:05,36170.0,9200.0,1.0,870.0,2023-09-07 15:36:05,2023-09-07 15:18:47
1694071128700,18.0,2023-09-07 15:36:05,17268.0,14223.0,1.0,1070.0,2023-09-07 15:36:05,2023-09-07 15:18:48
1694071129360,48.0,2023-09-07 15:36:05,96044.0,38965.0,1.0,660.0,2023-09-07 15:36:05,2023-09-07 15:18:49
1694071130720,34.0,2023-09-07 15:36:05,3516.0,12823.0,1.0,1360.0,2023-09-07 15:36:05,2023-09-07 15:18:50
1694071131390,16.0,2023-09-07 15:36:05,1765.0,5692.0,1.0,670.0,2023-09-07 15:36:05,2023-09-07 15:18:51
1694071131650,8.0,2023-09-07 15:36:05,11432.0,125.0,1.0,260.0,2023-09-07 15:36:05,2023-09-07 15:18:51
1694071134130,30.0,2023-09-07 15:36:05,2641.0,27260.0,1.0,2480.0,2023-09-07 15:36:05,2023-09-07 15:18:54
1694071135920,22.0,2023-09-07 15:36:05,28041.0,2782.0,1.0,490.0,2023-09-07 15:36:05,2023-09-07 15:18:55
1694071137060,20.0,2023-09-07 15:36:05,22271.0,7202.0,1.0,1140.0,2023-09-07 15:36:05,2023-09-07 15:18:57
1694071137680,18.0,2023-09-07 15:36:05,21879.0,31537.0,1.0,620.0,2023-09-07 15:36:05,2023-09-07 15:18:57
1694071138160,12.0,2023-09-07 15:36:05,28671.0,31202.0,1.0,480.0,2023-09-07 15:36:05,2023-09-07 15:18:58
1694071138770,18.0,2023-09-07 15:36:05,19874.0,42006.0,1.0,610.0,2023-09-07 15:36:05,2023-09-07 15:18:58
1694071139270,14.0,2023-09-07 15:36:05,17663.0,28929.0,1.0,500.0,2023-09-07 15:36:05,2023-09-07 15:18:59
1694071139870,18.0,2023-09-07 15:36:05,22091.0,8155.0,1.0,600.0,2023-09-07 15:36:05,2023-09-07 15:18:59
1694071140840,8.0,2023-09-07 15:36:05,5472.0,20258.0,1.0,970.0,2023-09-07 15:36:05,2023-09-07 15:19:00
1694071141490,42.0,2023-09-07 15:36:05,9448.0,1420.0,1.0,650.0,2023-09-07 15:36:05,2023-09-07 15:19:01
1694071142710,98.0,2023-09-07 15:36:05,41848.0,54974.0,1.0,1220.0,2023-09-07 15:36:05,2023-09-07 15:19:02
1694071144420,102.0,2023-09-07 15:36:05,72272.0,89457.0,1.0,1710.0,2023-09-07 15:36:05,2023-09-07 15:19:04
1694071146450,112.0,2023-09-07 15:36:05,5308.0,7362.0,1.0,2030.0,2023-09-07 15:36:05,2023-09-07 15:19:06
1694071146870,378.0,2023-09-07 15:36:05,29611.0,12369.0,1.0,420.0,2023-09-07 15:36:05,2023-09-07 15:19:06
1694071147750,98.0,2023-09-07 15:36:05,18018.0,48979.0,1.0,880.0,2023-09-07 15:36:05,2023-09-07 15:19:07
1694071148500,84.0,2023-09-07 15:36:05,837.0,4792.0,1.0,750.0,2023-09-07 15:36:05,2023-09-07 15:19:08
1694071149120,56.0,2023-09-07 15:36:05,3525.0,2346.0,1.0,620.0,2023-09-07 15:36:05,2023-09-07 15:19:09
1694071149860,16.0,2023-09-07 15:36:05,3672.0,2942.0,1.0,740.0,2023-09-07 15:36:05,2023-09-07 15:19:09
1694071150630,14.0,2023-09-07 15:36:05,1232.0,1738.0,1.0,770.0,2023-09-07 15:36:05,2023-09-07 15:19:10
1694071151400,8.0,2023-09-07 15:36:05,1616.0,1565.0,1.0,770.0,2023-09-07 15:36:05,2023-09-07 15:19:11
1694071152120,52.0,2023-09-07 15:36:05,1475.0,1395.0,1.0,720.0,2023-09-07 15:36:05,2023-09-07 15:19:12
1694071152930,444.0,2023-09-07 15:36:05,20416.0,13396.0,1.0,810.0,2023-09-07 15:36:05,2023-09-07 15:19:12
1694071154080,264.0,2023-09-07 15:36:05,6487.0,24946.0,1.0,1150.0,2023-09-07 15:36:05,2023-09-07 15:19:14
1694071155050,114.0,2023-09-07 15:36:05,4042.0,1058.0,1.0,970.0,2023-09-07 15:36:05,2023-09-07 15:19:15
1694071155810,30.0,2023-09-07 15:36:05,5301.0,5394.0,1.0,760.0,2023-09-07 15:36:05,2023-09-07 15:19:15
1694071157310,98.0,2023-09-07 15:36:05,6853.0,14107.0,1.0,1500.0,2023-09-07 15:36:05,2023-09-07 15:19:17
1694071158560,18.0,2023-09-07 15:36:05,219.0,4732.0,1.0,1250.0,2023-09-07 15:36:05,2023-09-07 15:19:18
1694071158980,50.0,2023-09-07 15:36:05,8677.0,2779.0,1.0,420.0,2023-09-07 15:36:05,2023-09-07 15:19:18
1694071160050,304.0,2023-09-07 15:36:05,16427.0,7142.0,1.0,1070.0,2023-09-07 15:36:05,2023-09-07 15:19:20
1694071161070,132.0,2023-09-07 15:36:05,34575.0,12930.0,1.0,1020.0,2023-09-07 15:36:05,2023-09-07 15:19:21
1694071162030,104.0,2023-09-07 15:36:05,16322.0,14708.0,1.0,960.0,2023-09-07 15:36:05,2023-09-07 15:19:22
1694071162650,86.0,2023-09-07 15:36:05,25532.0,11334.0,1.0,620.0,2023-09-07 15:36:05,2023-09-07 15:19:22
1694071163980,24.0,2023-09-07 15:36:05,2838.0,9526.0,1.0,1330.0,2023-09-07 15:36:05,2023-09-07 15:19:23
1694071164780,16.0,2023-09-07 15:36:05,3751.0,1781.0,1.0,800.0,2023-09-07 15:36:05,2023-09-07 15:19:24
1694071165620,20.0,2023-09-07 15:36:05,2284.0,1964.0,1.0,840.0,2023-09-07 15:36:05,2023-09-07 15:19:25
1694071166470,18.0,2023-09-07 15:36:05,2294.0,1478.0,1.0,850.0,2023-09-07 15:36:05,2023-09-07 15:19:26
1694071167350,8.0,2023-09-07 15:36:05,3424.0,2098.0,1.0,880.0,2023-09-07 15:36:05,2023-09-07 15:19:27
1694071168190,8.0,2023-09-07 15:36:05,3171.0,1840.0,1.0,840.0,2023-09-07 15:36:05,2023-09-07 15:19:28
1694071169060,10.0,2023-09-07 15:36:05,2795.0,1674.0,1.0,870.0,2023-09-07 15:36:05,2023-09-07 15:19:29
1694071169920,218.0,2023-09-07 15:36:05,11654.0,1934.0,1.0,860.0,2023-09-07 15:36:05,2023-09-07 15:19:29
1694071170930,268.0,2023-09-07 15:36:05,30242.0,12530.0,1.0,1010.0,2023-09-07 15:36:05,2023-09-07 15:19:30
1694071172230,276.0,2023-09-07 15:36:05,8569.0,24234.0,1.0,1300.0,2023-09-07 15:36:05,2023-09-07 15:19:32
1694071173030,140.0,2023-09-07 15:36:05,4497.0,5455.0,1.0,800.0,2023-09-07 15:36:05,2023-09-07 15:19:33
1694071173580,32.0,2023-09-07 15:36:05,3360.0,1702.0,1.0,550.0,2023-09-07 15:36:05,2023-09-07 15:19:33
1694071174270,60.0,2023-09-07 15:36:05,2547.0,4492.0,1.0,690.0,2023-09-07 15:36:05,2023-09-07 15:19:34
1694071174940,244.0,2023-09-07 15:36:05,2797.0,2826.0,1.0,670.0,2023-09-07 15:36:05,2023-09-07 15:19:34
1694071175480,122.0,2023-09-07 15:36:05,6850.0,2989.0,1.0,540.0,2023-09-07 15:36:05,2023-09-07 15:19:35
1694071176270,62.0,2023-09-07 15:36:05,660.0,3766.0,1.0,790.0,2023-09-07 15:36:05,2023-09-07 15:19:36
1694071176820,34.0,2023-09-07 15:36:05,5512.0,4354.0,1.0,550.0,2023-09-07 15:36:05,2023-09-07 15:19:36
1694071177530,120.0,2023-09-07 15:36:05,4698.0,5207.0,1.0,710.0,2023-09-07 15:36:05,2023-09-07 15:19:37
1694071178260,84.0,2023-09-07 15:36:05,3403.0,3298.0,1.0,730.0,2023-09-07 15:36:05,2023-09-07 15:19:38
1694071178930,18.0,2023-09-07 15:36:05,3362.0,3372.0,1.0,670.0,2023-09-07 15:36:05,2023-09-07 15:19:38
1694071179720,12.0,2023-09-07 15:36:05,2789.0,1897.0,1.0,790.0,2023-09-07 15:36:05,2023-09-07 15:19:39
1694071180410,8.0,2023-09-07 15:36:05,4059.0,908.0,1.0,690.0,2023-09-07 15:36:05,2023-09-07 15:19:40
1694071181240,246.0,2023-09-07 15:36:05,5100.0,2843.0,1.0,830.0,2023-09-07 15:36:05,2023-09-07 15:19:41
1694071182030,92.0,2023-09-07 15:36:05,718.0,1309.0,1.0,790.0,2023-09-07 15:36:05,2023-09-07 15:19:42
1694071182710,42.0,2023-09-07 15:36:05,2739.0,2665.0,1.0,680.0,2023-09-07 15:36:05,2023-09-07 15:19:42
1694071183100,212.0,2023-09-07 15:36:05,1267.0,1154.0,1.0,390.0,2023-09-07 15:36:05,2023-09-07 15:19:43
1694071183580,80.0,2023-09-07 15:36:05,3436.0,4867.0,1.0,480.0,2023-09-07 15:36:05,2023-09-07 15:19:43
1694071184020,44.0,2023-09-07 15:36:05,133.0,567.0,1.0,440.0,2023-09-07 15:36:05,2023-09-07 15:19:44
1694071184330,12.0,2023-09-07 15:36:05,1447.0,662.0,1.0,310.0,2023-09-07 15:36:05,2023-09-07 15:19:44
1694071185260,90.0,2023-09-07 15:36:05,1995.0,2057.0,1.0,930.0,2023-09-07 15:36:05,2023-09-07 15:19:45
1694071185850,244.0,2023-09-07 15:36:05,16109.0,3013.0,1.0,590.0,2023-09-07 15:36:05,2023-09-07 15:19:45
1694071187320,148.0,2023-09-07 15:36:05,12625.0,61819.0,1.0,1470.0,2023-09-07 15:36:05,2023-09-07 15:19:47
1694071188120,234.0,2023-09-07 15:36:05,25599.0,4417.0,1.0,800.0,2023-09-07 15:36:05,2023-09-07 15:19:48
1694071189510,56.0,2023-09-07 15:36:05,8940.0,59340.0,1.0,1390.0,2023-09-07 15:36:05,2023-09-07 15:19:49
1694071190350,94.0,2023-09-07 15:36:05,9225.0,4162.0,1.0,840.0,2023-09-07 15:36:05,2023-09-07 15:19:50
1694071191390,90.0,2023-09-07 15:36:05,6955.0,6099.0,1.0,1040.0,2023-09-07 15:36:05,2023-09-07 15:19:51
1694071191820,76.0,2023-09-07 15:36:05,9434.0,13154.0,1.0,430.0,2023-09-07 15:36:05,2023-09-07 15:19:51
1694071192340,30.0,2023-09-07 15:36:05,957.0,622.0,1.0,520.0,2023-09-07 15:36:05,2023-09-07 15:19:52
1694071192910,102.0,2023-09-07 15:36:05,9410.0,12531.0,1.0,570.0,2023-09-07 15:36:05,2023-09-07 15:19:52
1694071194060,22.0,2023-09-07 15:36:05,1007.0,15132.0,1.0,1150.0,2023-09-07 15:36:05,2023-09-07 15:19:54
1694071196470,18.0,2023-09-07 15:36:05,2764.0,538.0,1.0,500.0,2023-09-07 15:36:05,2023-09-07 15:19:56
1694071197160,56.0,2023-09-07 15:36:05,1710.0,1234.0,1.0,690.0,2023-09-07 15:36:05,2023-09-07 15:19:57
1694071197590,10.0,2023-09-07 15:36:05,4137.0,3740.0,1.0,430.0,2023-09-07 15:36:05,2023-09-07 15:19:57
1694071198610,24.0,2023-09-07 15:36:05,523.0,4015.0,1.0,1020.0,2023-09-07 15:36:05,2023-09-07 15:19:58
1694071199040,114.0,2023-09-07 15:36:05,10934.0,2877.0,1.0,430.0,2023-09-07 15:36:05,2023-09-07 15:19:59
1694071199800,6.0,2023-09-07 15:36:05,4220.0,4637.0,1.0,760.0,2023-09-07 15:36:05,2023-09-07 15:19:59
1694071200590,16.0,2023-09-07 15:36:05,467.0,1058.0,1.0,790.0,2023-09-07 15:36:05,2023-09-07 15:20:00
1694071201230,14.0,2023-09-07 15:36:05,1111.0,835.0,1.0,640.0,2023-09-07 15:36:05,2023-09-07 15:20:01
1694071201890,14.0,2023-09-07 15:36:05,841.0,713.0,1.0,660.0,2023-09-07 15:36:05,2023-09-07 15:20:01
1694071202660,10.0,2023-09-07 15:36:05,1649.0,1279.0,1.0,770.0,2023-09-07 15:36:05,2023-09-07 15:20:02
1694071203310,6.0,2023-09-07 15:36:05,976.0,665.0,1.0,650.0,2023-09-07 15:36:05,2023-09-07 15:20:03
1694071204020,0.0,2023-09-07 15:36:05,3426.0,1230.0,1.0,710.0,2023-09-07 15:36:05,2023-09-07 15:20:04
1694071204840,12.0,2023-09-07 15:36:05,925.0,2530.0,1.0,820.0,2023-09-07 15:36:05,2023-09-07 15:20:04
1694071205570,12.0,2023-09-07 15:36:05,1656.0,1225.0,1.0,730.0,2023-09-07 15:36:05,2023-09-07 15:20:05
1694071206350,6.0,2023-09-07 15:36:05,2711.0,1382.0,1.0,780.0,2023-09-07 15:36:05,2023-09-07 15:20:06
1694071207150,4.0,2023-09-07 15:36:05,1129.0,998.0,1.0,800.0,2023-09-07 15:36:05,2023-09-07 15:20:07
1694071207880,10.0,2023-09-07 15:36:05,1665.0,832.0,1.0,730.0,2023-09-07 15:36:05,2023-09-07 15:20:07
1694071208690,20.0,2023-09-07 15:36:05,2007.0,2071.0,1.0,810.0,2023-09-07 15:36:05,2023-09-07 15:20:08
1694071209370,18.0,2023-09-07 15:36:05,1082.0,1366.0,1.0,680.0,2023-09-07 15:36:05,2023-09-07 15:20:09
1694071209710,6.0,2023-09-07 15:36:05,906.0,200.0,1.0,340.0,2023-09-07 15:36:05,2023-09-07 15:20:09
1694071210150,6.0,2023-09-07 15:36:05,2635.0,2294.0,1.0,440.0,2023-09-07 15:36:05,2023-09-07 15:20:10
1694071210820,10.0,2023-09-07 15:36:05,2387.0,1816.0,1.0,670.0,2023-09-07 15:36:05,2023-09-07 15:20:10
1694071211530,8.0,2023-09-07 15:36:05,3204.0,2235.0,1.0,710.0,2023-09-07 15:36:05,2023-09-07 15:20:11
1694071212270,8.0,2023-09-07 15:36:05,2864.0,2271.0,1.0,740.0,2023-09-07 15:36:05,2023-09-07 15:20:12
1694071213010,10.0,2023-09-07 15:36:05,2633.0,2297.0,1.0,740.0,2023-09-07 15:36:05,2023-09-07 15:20:13
1694071213800,2.0,2023-09-07 15:36:05,4233.0,2238.0,1.0,790.0,2023-09-07 15:36:05,2023-09-07 15:20:13
1694071214590,8.0,2023-09-07 15:36:05,1758.0,2376.0,1.0,790.0,2023-09-07 15:36:05,2023-09-07 15:20:14
1694071215240,14.0,2023-09-07 15:36:05,1611.0,1238.0,1.0,650.0,2023-09-07 15:36:05,2023-09-07 15:20:15
1694071216010,8.0,2023-09-07 15:36:05,4775.0,1905.0,1.0,770.0,2023-09-07 15:36:05,2023-09-07 15:20:16
1694071216810,18.0,2023-09-07 15:36:05,4072.0,2712.0,1.0,800.0,2023-09-07 15:36:05,2023-09-07 15:20:16
1694071217410,10.0,2023-09-07 15:36:05,16654.0,6488.0,1.0,600.0,2023-09-07 15:36:05,2023-09-07 15:20:17
1694071219210,52.0,2023-09-07 15:36:05,8658.0,13631.0,1.0,1800.0,2023-09-07 15:36:05,2023-09-07 15:20:19
1694071220000,22.0,2023-09-07 15:36:05,6268.0,4916.0,1.0,790.0,2023-09-07 15:36:05,2023-09-07 15:20:20
1694071220820,14.0,2023-09-07 15:36:05,672.0,1231.0,1.0,820.0,2023-09-07 15:36:05,2023-09-07 15:20:20
1694071221150,60.0,2023-09-07 15:36:05,342.0,282.0,1.0,330.0,2023-09-07 15:36:05,2023-09-07 15:20:21
1694071221530,20.0,2023-09-07 15:36:05,1032.0,1744.0,1.0,380.0,2023-09-07 15:36:05,2023-09-07 15:20:21
1694071221850,160.0,2023-09-07 15:36:05,21900.0,1361.0,1.0,320.0,2023-09-07 15:36:05,2023-09-07 15:20:21
1694071222890,52.0,2023-09-07 15:36:05,7284.0,11539.0,1.0,1040.0,2023-09-07 15:36:05,2023-09-07 15:20:22
1694071223570,22.0,2023-09-07 15:36:05,4963.0,4803.0,1.0,680.0,2023-09-07 15:36:05,2023-09-07 15:20:23
1694071224300,32.0,2023-09-07 15:36:05,7342.0,4730.0,1.0,730.0,2023-09-07 15:36:05,2023-09-07 15:20:24
1694071224900,30.0,2023-09-07 15:36:05,7004.0,5595.0,1.0,600.0,2023-09-07 15:36:05,2023-09-07 15:20:24
1694071225660,106.0,2023-09-07 15:36:05,3315.0,2076.0,1.0,760.0,2023-09-07 15:36:05,2023-09-07 15:20:25
1694071226410,26.0,2023-09-07 15:36:05,5235.0,6614.0,1.0,750.0,2023-09-07 15:36:05,2023-09-07 15:20:26
1694071227170,68.0,2023-09-07 15:36:05,1811.0,2755.0,1.0,760.0,2023-09-07 15:36:05,2023-09-07 15:20:27
1694071227770,8.0,2023-09-07 15:36:05,6351.0,6136.0,1.0,600.0,2023-09-07 15:36:05,2023-09-07 15:20:27
1694071228620,6.0,2023-09-07 15:36:05,3819.0,1730.0,1.0,850.0,2023-09-07 15:36:05,2023-09-07 15:20:28
1694071229670,12.0,2023-09-07 15:36:05,1079.0,2070.0,1.0,1050.0,2023-09-07 15:36:05,2023-09-07 15:20:29
1694071230230,30.0,2023-09-07 15:36:05,1078.0,927.0,1.0,560.0,2023-09-07 15:36:05,2023-09-07 15:20:30
1694071230970,10.0,2023-09-07 15:36:05,1131.0,807.0,1.0,740.0,2023-09-07 15:36:05,2023-09-07 15:20:30
1694071231710,10.0,2023-09-07 15:36:05,1203.0,871.0,1.0,740.0,2023-09-07 15:36:05,2023-09-07 15:20:31
1694071232470,6.0,2023-09-07 15:36:05,1396.0,1039.0,1.0,760.0,2023-09-07 15:36:05,2023-09-07 15:20:32
1694071233150,6.0,2023-09-07 15:36:05,1224.0,742.0,1.0,680.0,2023-09-07 15:36:05,2023-09-07 15:20:33
1694071233910,6.0,2023-09-07 15:36:05,1159.0,879.0,1.0,760.0,2023-09-07 15:36:05,2023-09-07 15:20:33
1694071234660,6.0,2023-09-07 15:36:05,1230.0,764.0,1.0,750.0,2023-09-07 15:36:05,2023-09-07 15:20:34
1694071235350,6.0,2023-09-07 15:36:05,1260.0,704.0,1.0,690.0,2023-09-07 15:36:05,2023-09-07 15:20:35
1694071236150,8.0,2023-09-07 15:36:05,1279.0,923.0,1.0,800.0,2023-09-07 15:36:05,2023-09-07 15:20:36
1694071236960,6.0,2023-09-07 15:36:05,1374.0,1100.0,1.0,810.0,2023-09-07 15:36:05,2023-09-07 15:20:36
1694071237760,2.0,2023-09-07 15:36:05,1029.0,1032.0,1.0,800.0,2023-09-07 15:36:05,2023-09-07 15:20:37
1694071238520,16.0,2023-09-07 15:36:05,2326.0,1270.0,1.0,760.0,2023-09-07 15:36:05,2023-09-07 15:20:38
1694071239190,22.0,2023-09-07 15:36:05,12958.0,2065.0,1.0,670.0,2023-09-07 15:36:05,2023-09-07 15:20:39
1694071240280,24.0,2023-09-07 15:36:05,865.0,6865.0,1.0,1090.0,2023-09-07 15:36:05,2023-09-07 15:20:40
1694071240920,6.0,2023-09-07 15:36:05,2515.0,1506.0,1.0,640.0,2023-09-07 15:36:05,2023-09-07 15:20:40
1694071241650,10.0,2023-09-07 15:36:05,1621.0,730.0,1.0,730.0,2023-09-07 15:36:05,2023-09-07 15:20:41
1694071242360,8.0,2023-09-07 15:36:05,1261.0,1026.0,1.0,710.0,2023-09-07 15:36:05,2023-09-07 15:20:42
1694071243050,16.0,2023-09-07 15:36:05,2157.0,1084.0,1.0,690.0,2023-09-07 15:36:05,2023-09-07 15:20:43
1694071243770,6.0,2023-09-07 15:36:05,1703.0,1267.0,1.0,720.0,2023-09-07 15:36:05,2023-09-07 15:20:43
1694071244540,10.0,2023-09-07 15:36:05,2044.0,1263.0,1.0,770.0,2023-09-07 15:36:05,2023-09-07 15:20:44
1694071245270,14.0,2023-09-07 15:36:05,2444.0,799.0,1.0,730.0,2023-09-07 15:36:05,2023-09-07 15:20:45
1694071245880,32.0,2023-09-07 15:36:05,17862.0,15487.0,1.0,610.0,2023-09-07 15:36:05,2023-09-07 15:20:45
1694071246810,88.0,2023-09-07 15:36:05,836.0,5673.0,1.0,930.0,2023-09-07 15:36:05,2023-09-07 15:20:46
1694071247100,136.0,2023-09-07 15:36:05,4971.0,2810.0,1.0,290.0,2023-09-07 15:36:05,2023-09-07 15:20:47
1694071247790,84.0,2023-09-07 15:36:05,734.0,1100.0,1.0,690.0,2023-09-07 15:36:05,2023-09-07 15:20:47
1694071248300,16.0,2023-09-07 15:36:05,9137.0,4294.0,1.0,510.0,2023-09-07 15:36:05,2023-09-07 15:20:48
1694071249160,16.0,2023-09-07 15:36:05,1245.0,3524.0,1.0,860.0,2023-09-07 15:36:05,2023-09-07 15:20:49
1694071249740,26.0,2023-09-07 15:36:05,2490.0,649.0,1.0,580.0,2023-09-07 15:36:05,2023-09-07 15:20:49
1694071250550,14.0,2023-09-07 15:36:05,2381.0,4045.0,1.0,810.0,2023-09-07 15:36:05,2023-09-07 15:20:50
1694071251280,12.0,2023-09-07 15:36:05,1232.0,269.0,1.0,730.0,2023-09-07 15:36:05,2023-09-07 15:20:51
1694071252420,44.0,2023-09-07 15:36:05,5714.0,943.0,1.0,1140.0,2023-09-07 15:36:05,2023-09-07 15:20:52
1694071252960,18.0,2023-09-07 15:36:05,8645.0,8010.0,1.0,540.0,2023-09-07 15:36:05,2023-09-07 15:20:52
1694071256570,8.0,2023-09-07 15:36:05,14703.0,2426.0,1.0,880.0,2023-09-07 15:36:05,2023-09-07 15:20:56
1694071257850,12.0,2023-09-07 15:36:05,4706.0,3211.0,1.0,1280.0,2023-09-07 15:36:05,2023-09-07 15:20:57
1694071258420,54.0,2023-09-07 15:36:05,517.0,1135.0,1.0,570.0,2023-09-07 15:36:05,2023-09-07 15:20:58
1694071258680,8.0,2023-09-07 15:36:05,2768.0,2279.0,1.0,260.0,2023-09-07 15:36:05,2023-09-07 15:20:58
1694071259330,12.0,2023-09-07 15:36:05,11955.0,1378.0,1.0,650.0,2023-09-07 15:36:05,2023-09-07 15:20:59
1694071260470,24.0,2023-09-07 15:36:05,20225.0,22179.0,1.0,1140.0,2023-09-07 15:36:05,2023-09-07 15:21:00
1694071261590,14.0,2023-09-07 15:36:05,1503.0,4584.0,1.0,1120.0,2023-09-07 15:36:05,2023-09-07 15:21:01
1694071262300,68.0,2023-09-07 15:36:05,3798.0,847.0,1.0,710.0,2023-09-07 15:36:05,2023-09-07 15:21:02
1694071263240,36.0,2023-09-07 15:36:05,5071.0,13020.0,1.0,940.0,2023-09-07 15:36:05,2023-09-07 15:21:03
1694071264030,14.0,2023-09-07 15:36:05,486.0,1808.0,1.0,790.0,2023-09-07 15:36:05,2023-09-07 15:21:04
1694071264570,22.0,2023-09-07 15:36:05,3512.0,3736.0,1.0,540.0,2023-09-07 15:36:05,2023-09-07 15:21:04
1694071266000,16.0,2023-09-07 15:36:05,577.0,8167.0,1.0,1430.0,2023-09-07 15:36:05,2023-09-07 15:21:06
1694071266720,28.0,2023-09-07 15:36:05,2164.0,1427.0,1.0,720.0,2023-09-07 15:36:05,2023-09-07 15:21:06
1694071267440,14.0,2023-09-07 15:36:05,3511.0,8562.0,1.0,720.0,2023-09-07 15:36:05,2023-09-07 15:21:07
1694071268760,10.0,2023-09-07 15:36:05,965.0,2068.0,1.0,1320.0,2023-09-07 15:36:05,2023-09-07 15:21:08
1694071269450,4.0,2023-09-07 15:36:05,1348.0,602.0,1.0,690.0,2023-09-07 15:36:05,2023-09-07 15:21:09
1694071270180,10.0,2023-09-07 15:36:05,630.0,410.0,1.0,730.0,2023-09-07 15:36:05,2023-09-07 15:21:10
1694071270870,16.0,2023-09-07 15:36:05,1004.0,633.0,1.0,690.0,2023-09-07 15:36:05,2023-09-07 15:21:10
1694071271560,6.0,2023-09-07 15:36:05,1066.0,796.0,1.0,690.0,2023-09-07 15:36:05,2023-09-07 15:21:11
1694071272220,18.0,2023-09-07 15:36:05,228.0,339.0,1.0,660.0,2023-09-07 15:36:05,2023-09-07 15:21:12
1694071272560,10.0,2023-09-07 15:36:05,150.0,250.0,1.0,340.0,2023-09-07 15:36:05,2023-09-07 15:21:12
1694071272900,14.0,2023-09-07 15:36:05,463.0,452.0,1.0,340.0,2023-09-07 15:36:05,2023-09-07 15:21:12
1694071273240,6.0,2023-09-07 15:36:05,1037.0,164.0,1.0,340.0,2023-09-07 15:36:05,2023-09-07 15:21:13
1694071273740,6.0,2023-09-07 15:36:05,1230.0,1390.0,1.0,500.0,2023-09-07 15:36:05,2023-09-07 15:21:13
1694071274400,6.0,2023-09-07 15:36:05,1919.0,1529.0,1.0,660.0,2023-09-07 15:36:05,2023-09-07 15:21:14
1694071275120,4.0,2023-09-07 15:36:05,1284.0,733.0,1.0,720.0,2023-09-07 15:36:05,2023-09-07 15:21:15
1694071275840,8.0,2023-09-07 15:36:05,1021.0,501.0,1.0,720.0,2023-09-07 15:36:05,2023-09-07 15:21:15
1694071276550,18.0,2023-09-07 15:36:05,1214.0,860.0,1.0,710.0,2023-09-07 15:36:05,2023-09-07 15:21:16
1694071277180,6.0,2023-09-07 15:36:05,256.0,339.0,1.0,630.0,2023-09-07 15:36:05,2023-09-07 15:21:17
1694071277940,12.0,2023-09-07 15:36:05,1654.0,1273.0,1.0,760.0,2023-09-07 15:36:05,2023-09-07 15:21:17
1694071278660,14.0,2023-09-07 15:36:05,987.0,625.0,1.0,720.0,2023-09-07 15:36:05,2023-09-07 15:21:18
1694071279380,8.0,2023-09-07 15:36:05,991.0,702.0,1.0,720.0,2023-09-07 15:36:05,2023-09-07 15:21:19
1694071280000,24.0,2023-09-07 15:36:05,822.0,352.0,1.0,620.0,2023-09-07 15:36:05,2023-09-07 15:21:20
1694071280720,12.0,2023-09-07 15:36:05,2935.0,3452.0,1.0,720.0,2023-09-07 15:36:05,2023-09-07 15:21:20
1694071281490,12.0,2023-09-07 15:36:05,623.0,939.0,1.0,770.0,2023-09-07 15:36:05,2023-09-07 15:21:21
1694071282210,34.0,2023-09-07 15:36:05,13788.0,1234.0,1.0,720.0,2023-09-07 15:36:05,2023-09-07 15:21:22
1694071283230,16.0,2023-09-07 15:36:05,20667.0,7364.0,1.0,1020.0,2023-09-07 15:36:05,2023-09-07 15:21:23
1694071284240,50.0,2023-09-07 15:36:05,5297.0,13443.0,1.0,1010.0,2023-09-07 15:36:05,2023-09-07 15:21:24
1694071284730,210.0,2023-09-07 15:36:05,22778.0,3796.0,1.0,490.0,2023-09-07 15:36:05,2023-09-07 15:21:24
1694071285750,52.0,2023-09-07 15:36:05,28522.0,32741.0,1.0,1020.0,2023-09-07 15:36:05,2023-09-07 15:21:25
1694071286920,278.0,2023-09-07 15:36:05,22730.0,20168.0,1.0,1170.0,2023-09-07 15:36:05,2023-09-07 15:21:26
1694071287800,250.0,2023-09-07 15:36:05,75438.0,21393.0,1.0,880.0,2023-09-07 15:36:05,2023-09-07 15:21:27
1694071289190,182.0,2023-09-07 15:36:05,39181.0,34621.0,1.0,1390.0,2023-09-07 15:36:05,2023-09-07 15:21:29
1694071290670,64.0,2023-09-07 15:36:05,5648.0,9435.0,1.0,1480.0,2023-09-07 15:36:05,2023-09-07 15:21:30
1694071291080,12.0,2023-09-07 15:36:05,1943.0,401.0,1.0,410.0,2023-09-07 15:36:05,2023-09-07 15:21:31
1694071291870,80.0,2023-09-07 15:36:05,5002.0,1621.0,1.0,790.0,2023-09-07 15:36:05,2023-09-07 15:21:31
1694071292430,162.0,2023-09-07 15:36:05,415.0,4014.0,1.0,560.0,2023-09-07 15:36:05,2023-09-07 15:21:32
1694071292840,130.0,2023-09-07 15:36:05,13125.0,9993.0,1.0,410.0,2023-09-07 15:36:05,2023-09-07 15:21:32
1694071294220,372.0,2023-09-07 15:36:05,2006.0,22875.0,1.0,1380.0,2023-09-07 15:36:05,2023-09-07 15:21:34
1694071294540,170.0,2023-09-07 15:36:05,5100.0,3498.0,1.0,320.0,2023-09-07 15:36:05,2023-09-07 15:21:34
1694071294990,140.0,2023-09-07 15:36:05,58794.0,1360.0,1.0,450.0,2023-09-07 15:36:05,2023-09-07 15:21:34
1694071296150,130.0,2023-09-07 15:36:05,19857.0,27159.0,1.0,1160.0,2023-09-07 15:36:05,2023-09-07 15:21:36
1694071296810,44.0,2023-09-07 15:36:05,9395.0,10627.0,1.0,660.0,2023-09-07 15:36:05,2023-09-07 15:21:36
1694071297320,38.0,2023-09-07 15:36:05,5908.0,412.0,1.0,510.0,2023-09-07 15:36:05,2023-09-07 15:21:37
1694071298820,108.0,2023-09-07 15:36:05,20887.0,15996.0,1.0,1500.0,2023-09-07 15:36:05,2023-09-07 15:21:38
1694071299850,48.0,2023-09-07 15:36:05,13865.0,20557.0,1.0,1030.0,2023-09-07 15:36:05,2023-09-07 15:21:39
1694071300640,12.0,2023-09-07 15:36:05,6686.0,7616.0,1.0,790.0,2023-09-07 15:36:05,2023-09-07 15:21:40
1694071301270,36.0,2023-09-07 15:36:05,7814.0,323.0,1.0,630.0,2023-09-07 15:36:05,2023-09-07 15:21:41
1694071302360,20.0,2023-09-07 15:36:05,2111.0,8041.0,1.0,1090.0,2023-09-07 15:36:05,2023-09-07 15:21:42
1694071303070,20.0,2023-09-07 15:36:05,8096.0,3867.0,1.0,710.0,2023-09-07 15:36:05,2023-09-07 15:21:43
1694071304710,104.0,2023-09-07 15:36:05,7175.0,8116.0,1.0,1640.0,2023-09-07 15:36:05,2023-09-07 15:21:44
1694071305450,202.0,2023-09-07 15:36:05,47666.0,6028.0,1.0,740.0,2023-09-07 15:36:05,2023-09-07 15:21:45
1694071306470,86.0,2023-09-07 15:36:05,23383.0,29228.0,1.0,1020.0,2023-09-07 15:36:05,2023-09-07 15:21:46
1694071308090,42.0,2023-09-07 15:36:05,17713.0,25690.0,1.0,1620.0,2023-09-07 15:36:05,2023-09-07 15:21:48
1694071309360,20.0,2023-09-07 15:36:05,1013.0,3520.0,1.0,1270.0,2023-09-07 15:36:05,2023-09-07 15:21:49
1694071309950,16.0,2023-09-07 15:36:05,570.0,1451.0,1.0,590.0,2023-09-07 15:36:05,2023-09-07 15:21:49
1694071310220,4.0,2023-09-07 15:36:05,1377.0,142.0,1.0,270.0,2023-09-07 15:36:05,2023-09-07 15:21:50
1694071310790,54.0,2023-09-07 15:36:05,26213.0,1970.0,1.0,570.0,2023-09-07 15:36:05,2023-09-07 15:21:50
1694071311690,90.0,2023-09-07 15:36:05,24876.0,64765.0,1.0,900.0,2023-09-07 15:36:05,2023-09-07 15:21:51
1694071313730,26.0,2023-09-07 15:36:05,1660.0,54489.0,1.0,2040.0,2023-09-07 15:36:05,2023-09-07 15:21:53
1694071316380,36.0,2023-09-07 15:36:05,4233.0,2953.0,1.0,520.0,2023-09-07 15:36:05,2023-09-07 15:21:56
1694071317060,12.0,2023-09-07 15:36:05,1712.0,5695.0,1.0,680.0,2023-09-07 15:36:05,2023-09-07 15:21:57
1694071317650,40.0,2023-09-07 15:36:05,323.0,1086.0,1.0,590.0,2023-09-07 15:36:05,2023-09-07 15:21:57
1694071318340,22.0,2023-09-07 15:36:05,1275.0,779.0,1.0,350.0,2023-09-07 15:36:05,2023-09-07 15:21:58
1694071318970,24.0,2023-09-07 15:36:05,1290.0,541.0,1.0,630.0,2023-09-07 15:36:05,2023-09-07 15:21:58
1694071319740,30.0,2023-09-07 15:36:05,1862.0,2070.0,1.0,770.0,2023-09-07 15:36:05,2023-09-07 15:21:59
1694071320500,170.0,2023-09-07 15:36:05,7015.0,4155.0,1.0,760.0,2023-09-07 15:36:05,2023-09-07 15:22:00
1694071321110,140.0,2023-09-07 15:36:05,4335.0,4891.0,1.0,610.0,2023-09-07 15:36:05,2023-09-07 15:22:01
1694071321570,78.0,2023-09-07 15:36:05,31889.0,10839.0,1.0,460.0,2023-09-07 15:36:05,2023-09-07 15:22:01
1694071322520,46.0,2023-09-07 15:36:05,1000.0,7960.0,1.0,950.0,2023-09-07 15:36:05,2023-09-07 15:22:02
1694071322810,152.0,2023-09-07 15:36:05,28680.0,2417.0,1.0,290.0,2023-09-07 15:36:05,2023-09-07 15:22:02
1694071323960,64.0,2023-09-07 15:36:05,24356.0,25226.0,1.0,1150.0,2023-09-07 15:36:05,2023-09-07 15:22:03
1694071325230,22.0,2023-09-07 15:36:05,4111.0,12350.0,1.0,1270.0,2023-09-07 15:36:05,2023-09-07 15:22:05
1694071326020,22.0,2023-09-07 15:36:05,3894.0,3489.0,1.0,790.0,2023-09-07 15:36:05,2023-09-07 15:22:06
1694071326760,58.0,2023-09-07 15:36:05,805.0,1706.0,1.0,740.0,2023-09-07 15:36:05,2023-09-07 15:22:06
1694071327470,44.0,2023-09-07 15:36:05,2721.0,771.0,1.0,710.0,2023-09-07 15:36:05,2023-09-07 15:22:07
1694071328460,236.0,2023-09-07 15:36:05,44124.0,328.0,1.0,990.0,2023-09-07 15:36:05,2023-09-07 15:22:08
1694071329710,50.0,2023-09-07 15:36:05,51656.0,22503.0,1.0,1250.0,2023-09-07 15:36:05,2023-09-07 15:22:09
1694071330770,58.0,2023-09-07 15:36:05,1281.0,10651.0,1.0,1060.0,2023-09-07 15:36:05,2023-09-07 15:22:10
1694071331080,74.0,2023-09-07 15:36:05,58330.0,2193.0,1.0,310.0,2023-09-07 15:36:05,2023-09-07 15:22:11
1694071332410,84.0,2023-09-07 15:36:05,128309.0,44540.0,1.0,1330.0,2023-09-07 15:36:05,2023-09-07 15:22:12
1694071334300,22.0,2023-09-07 15:36:05,50285.0,48145.0,1.0,1890.0,2023-09-07 15:36:05,2023-09-07 15:22:14
1694071336000,188.0,2023-09-07 15:36:05,24272.0,12757.0,1.0,1700.0,2023-09-07 15:36:05,2023-09-07 15:22:16
1694071337120,46.0,2023-09-07 15:36:05,16612.0,27434.0,1.0,1120.0,2023-09-07 15:36:05,2023-09-07 15:22:17
1694071338590,134.0,2023-09-07 15:36:05,28481.0,40762.0,1.0,1470.0,2023-09-07 15:36:05,2023-09-07 15:22:18
1694071339550,54.0,2023-09-07 15:36:05,26282.0,48484.0,1.0,960.0,2023-09-07 15:36:05,2023-09-07 15:22:19
1694071340930,90.0,2023-09-07 15:36:05,10542.0,15240.0,1.0,1380.0,2023-09-07 15:36:05,2023-09-07 15:22:20
1694071341710,188.0,2023-09-07 15:36:05,28704.0,7828.0,1.0,780.0,2023-09-07 15:36:05,2023-09-07 15:22:21
1694071342620,26.0,2023-09-07 15:36:05,41315.0,95311.0,1.0,910.0,2023-09-07 15:36:05,2023-09-07 15:22:22
1694071345030,26.0,2023-09-07 15:36:05,3314.0,27048.0,1.0,2410.0,2023-09-07 15:36:05,2023-09-07 15:22:25
1694071346340,14.0,2023-09-07 15:36:05,1498.0,8643.0,1.0,1310.0,2023-09-07 15:36:05,2023-09-07 15:22:26
1694071347250,10.0,2023-09-07 15:36:05,1144.0,1392.0,1.0,910.0,2023-09-07 15:36:05,2023-09-07 15:22:27
1694071347930,12.0,2023-09-07 15:36:05,1497.0,559.0,1.0,680.0,2023-09-07 15:36:05,2023-09-07 15:22:27
1694071348730,10.0,2023-09-07 15:36:05,1234.0,1051.0,1.0,800.0,2023-09-07 15:36:05,2023-09-07 15:22:28
1694071349460,30.0,2023-09-07 15:36:05,2456.0,1139.0,1.0,730.0,2023-09-07 15:36:05,2023-09-07 15:22:29
1694071350190,14.0,2023-09-07 15:36:05,1190.0,906.0,1.0,730.0,2023-09-07 15:36:05,2023-09-07 15:22:30
1694071351000,24.0,2023-09-07 15:36:05,1758.0,1875.0,1.0,810.0,2023-09-07 15:36:05,2023-09-07 15:22:31
1694071351650,14.0,2023-09-07 15:36:05,1603.0,1807.0,1.0,650.0,2023-09-07 15:36:05,2023-09-07 15:22:31
1694071352350,16.0,2023-09-07 15:36:05,1356.0,1276.0,1.0,700.0,2023-09-07 15:36:05,2023-09-07 15:22:32
1694071353090,14.0,2023-09-07 15:36:05,1675.0,1001.0,1.0,740.0,2023-09-07 15:36:05,2023-09-07 15:22:33
1694071353810,40.0,2023-09-07 15:36:05,1080.0,1228.0,1.0,720.0,2023-09-07 15:36:05,2023-09-07 15:22:33
1694071354550,12.0,2023-09-07 15:36:05,915.0,1092.0,1.0,740.0,2023-09-07 15:36:05,2023-09-07 15:22:34
1694071355390,88.0,2023-09-07 15:36:05,3925.0,990.0,1.0,840.0,2023-09-07 15:36:05,2023-09-07 15:22:35
1694071355950,14.0,2023-09-07 15:36:05,6374.0,6091.0,1.0,560.0,2023-09-07 15:36:05,2023-09-07 15:22:35
1694071357100,38.0,2023-09-07 15:36:05,970.0,1629.0,1.0,1150.0,2023-09-07 15:36:05,2023-09-07 15:22:37
1694071357870,30.0,2023-09-07 15:36:06,1470.0,1228.0,1.0,770.0,2023-09-07 15:36:06,2023-09-07 15:22:37
1694071358660,126.0,2023-09-07 15:36:06,3809.0,1084.0,1.0,790.0,2023-09-07 15:36:06,2023-09-07 15:22:38
1694071359430,26.0,2023-09-07 15:36:06,4027.0,8137.0,1.0,770.0,2023-09-07 15:36:06,2023-09-07 15:22:39
1694071360180,10.0,2023-09-07 15:36:06,2121.0,693.0,1.0,750.0,2023-09-07 15:36:06,2023-09-07 15:22:40
1694071360900,16.0,2023-09-07 15:36:06,2477.0,848.0,1.0,720.0,2023-09-07 15:36:06,2023-09-07 15:22:40
1694071361630,2.0,2023-09-07 15:36:06,2188.0,1278.0,1.0,730.0,2023-09-07 15:36:06,2023-09-07 15:22:41
1694071362380,20.0,2023-09-07 15:36:06,600.0,1701.0,1.0,750.0,2023-09-07 15:36:06,2023-09-07 15:22:42
1694071362770,18.0,2023-09-07 15:36:06,4679.0,251.0,1.0,390.0,2023-09-07 15:36:06,2023-09-07 15:22:42
1694071363790,20.0,2023-09-07 15:36:06,1111.0,1644.0,1.0,1020.0,2023-09-07 15:36:06,2023-09-07 15:22:43
1694071364520,2.0,2023-09-07 15:36:06,1344.0,1262.0,1.0,730.0,2023-09-07 15:36:06,2023-09-07 15:22:44
1694071365190,18.0,2023-09-07 15:36:06,1782.0,1082.0,1.0,670.0,2023-09-07 15:36:06,2023-09-07 15:22:45
1694071365960,24.0,2023-09-07 15:36:06,5198.0,1340.0,1.0,770.0,2023-09-07 15:36:06,2023-09-07 15:22:45
1694071366680,18.0,2023-09-07 15:36:06,8504.0,10216.0,1.0,720.0,2023-09-07 15:36:06,2023-09-07 15:22:46
1694071367370,36.0,2023-09-07 15:36:06,857.0,1564.0,1.0,690.0,2023-09-07 15:36:06,2023-09-07 15:22:47
1694071367720,80.0,2023-09-07 15:36:06,23429.0,6448.0,1.0,350.0,2023-09-07 15:36:06,2023-09-07 15:22:47
1694071369110,142.0,2023-09-07 15:36:06,4126.0,19462.0,1.0,1390.0,2023-09-07 15:36:06,2023-09-07 15:22:49
1694071369370,80.0,2023-09-07 15:36:06,1291.0,495.0,1.0,260.0,2023-09-07 15:36:06,2023-09-07 15:22:49
1694071369640,88.0,2023-09-07 15:36:06,384.0,3131.0,1.0,270.0,2023-09-07 15:36:06,2023-09-07 15:22:49
1694071369950,68.0,2023-09-07 15:36:06,10126.0,5059.0,1.0,310.0,2023-09-07 15:36:06,2023-09-07 15:22:49
1694071371960,6.0,2023-09-07 15:36:06,1346.0,824.0,1.0,390.0,2023-09-07 15:36:06,2023-09-07 15:22:51
1694071372540,8.0,2023-09-07 15:36:06,1058.0,1072.0,1.0,580.0,2023-09-07 15:36:06,2023-09-07 15:22:52
1694071372960,62.0,2023-09-07 15:36:06,17777.0,527.0,1.0,420.0,2023-09-07 15:36:06,2023-09-07 15:22:52
1694071374170,128.0,2023-09-07 15:36:06,1343.0,3935.0,1.0,1210.0,2023-09-07 15:36:06,2023-09-07 15:22:54
1694071376500,384.0,2023-09-07 15:36:06,21864.0,15134.0,1.0,1210.0,2023-09-07 15:36:06,2023-09-07 15:22:56
1694071377680,72.0,2023-09-07 15:36:06,3035.0,15101.0,1.0,1180.0,2023-09-07 15:36:06,2023-09-07 15:22:57
1694071378360,70.0,2023-09-07 15:36:06,43544.0,2812.0,1.0,680.0,2023-09-07 15:36:06,2023-09-07 15:22:58
1694071380080,48.0,2023-09-07 15:36:06,17965.0,47665.0,1.0,1720.0,2023-09-07 15:36:06,2023-09-07 15:23:00
1694071382680,112.0,2023-09-07 15:36:06,77471.0,42772.0,1.0,2600.0,2023-09-07 15:36:06,2023-09-07 15:23:02
1694071384270,26.0,2023-09-07 15:36:06,37263.0,63639.0,1.0,1590.0,2023-09-07 15:36:06,2023-09-07 15:23:04
1694071385740,172.0,2023-09-07 15:36:06,32758.0,22915.0,1.0,1470.0,2023-09-07 15:36:06,2023-09-07 15:23:05
1694071386930,68.0,2023-09-07 15:36:06,39396.0,65346.0,1.0,1190.0,2023-09-07 15:36:06,2023-09-07 15:23:06
1694071388980,14.0,2023-09-07 15:36:06,2718.0,41648.0,1.0,2050.0,2023-09-07 15:36:06,2023-09-07 15:23:08
1694071389770,26.0,2023-09-07 15:36:06,2566.0,1497.0,1.0,790.0,2023-09-07 15:36:06,2023-09-07 15:23:09
1694071390610,12.0,2023-09-07 15:36:06,2560.0,2601.0,1.0,840.0,2023-09-07 15:36:06,2023-09-07 15:23:10
1694071391450,10.0,2023-09-07 15:36:06,2130.0,1951.0,1.0,840.0,2023-09-07 15:36:06,2023-09-07 15:23:11
1694071392260,6.0,2023-09-07 15:36:06,1901.0,1507.0,1.0,810.0,2023-09-07 15:36:06,2023-09-07 15:23:12
1694071393130,82.0,2023-09-07 15:36:06,6592.0,1470.0,1.0,870.0,2023-09-07 15:36:06,2023-09-07 15:23:13
1694071393890,28.0,2023-09-07 15:36:06,3991.0,10099.0,1.0,760.0,2023-09-07 15:36:06,2023-09-07 15:23:13
1694071394600,12.0,2023-09-07 15:36:06,1685.0,1638.0,1.0,710.0,2023-09-07 15:36:06,2023-09-07 15:23:14
1694071395350,30.0,2023-09-07 15:36:06,789.0,1088.0,1.0,750.0,2023-09-07 15:36:06,2023-09-07 15:23:15
1694071395690,22.0,2023-09-07 15:36:06,258.0,215.0,1.0,340.0,2023-09-07 15:36:06,2023-09-07 15:23:15
1694071396140,66.0,2023-09-07 15:36:06,5073.0,1123.0,1.0,450.0,2023-09-07 15:36:06,2023-09-07 15:23:16
1694071396910,232.0,2023-09-07 15:36:06,107556.0,1219.0,1.0,770.0,2023-09-07 15:36:06,2023-09-07 15:23:16
1694071398180,92.0,2023-09-07 15:36:06,40043.0,35380.0,1.0,1270.0,2023-09-07 15:36:06,2023-09-07 15:23:18
1694071399250,56.0,2023-09-07 15:36:06,27158.0,4306.0,1.0,1070.0,2023-09-07 15:36:06,2023-09-07 15:23:19
1694071401030,34.0,2023-09-07 15:36:06,2925.0,2515.0,1.0,310.0,2023-09-07 15:36:06,2023-09-07 15:23:21
1694071401830,128.0,2023-09-07 15:36:06,2169.0,1501.0,1.0,800.0,2023-09-07 15:36:06,2023-09-07 15:23:21
1694071402320,52.0,2023-09-07 15:36:06,10026.0,4347.0,1.0,490.0,2023-09-07 15:36:06,2023-09-07 15:23:22
1694071403350,34.0,2023-09-07 15:36:06,3978.0,4135.0,1.0,1030.0,2023-09-07 15:36:06,2023-09-07 15:23:23
1694071404290,54.0,2023-09-07 15:36:06,3093.0,1172.0,1.0,940.0,2023-09-07 15:36:06,2023-09-07 15:23:24
1694071405560,140.0,2023-09-07 15:36:06,21312.0,24359.0,1.0,1270.0,2023-09-07 15:36:06,2023-09-07 15:23:25
1694071406270,202.0,2023-09-07 15:36:06,6841.0,6390.0,1.0,710.0,2023-09-07 15:36:06,2023-09-07 15:23:26
1694071407200,98.0,2023-09-07 15:36:06,7750.0,7538.0,1.0,930.0,2023-09-07 15:36:06,2023-09-07 15:23:27
1694071407790,54.0,2023-09-07 15:36:06,24576.0,6732.0,1.0,590.0,2023-09-07 15:36:06,2023-09-07 15:23:27
1694071410150,52.0,2023-09-07 15:36:06,6234.0,13333.0,1.0,2360.0,2023-09-07 15:36:06,2023-09-07 15:23:30
1694071411040,28.0,2023-09-07 15:36:06,5515.0,7906.0,1.0,890.0,2023-09-07 15:36:06,2023-09-07 15:23:31
1694071411680,34.0,2023-09-07 15:36:06,3437.0,757.0,1.0,640.0,2023-09-07 15:36:06,2023-09-07 15:23:31
1694071412560,14.0,2023-09-07 15:36:06,802.0,1928.0,1.0,880.0,2023-09-07 15:36:06,2023-09-07 15:23:32
1694071413180,50.0,2023-09-07 15:36:06,2551.0,621.0,1.0,620.0,2023-09-07 15:36:06,2023-09-07 15:23:33
1694071413980,10.0,2023-09-07 15:36:06,4079.0,8256.0,1.0,800.0,2023-09-07 15:36:06,2023-09-07 15:23:33
1694071414930,6.0,2023-09-07 15:36:06,704.0,1453.0,1.0,950.0,2023-09-07 15:36:06,2023-09-07 15:23:34
1694071415440,64.0,2023-09-07 15:36:06,4988.0,157.0,1.0,510.0,2023-09-07 15:36:06,2023-09-07 15:23:35
1694071416170,8.0,2023-09-07 15:36:06,5663.0,13565.0,1.0,730.0,2023-09-07 15:36:06,2023-09-07 15:23:36
1694071416920,30.0,2023-09-07 15:36:06,2132.0,459.0,1.0,750.0,2023-09-07 15:36:06,2023-09-07 15:23:36
1694071417640,30.0,2023-09-07 15:36:06,977.0,3078.0,1.0,720.0,2023-09-07 15:36:06,2023-09-07 15:23:37
1694071417980,120.0,2023-09-07 15:36:06,23321.0,2182.0,1.0,340.0,2023-09-07 15:36:06,2023-09-07 15:23:37
1694071419430,88.0,2023-09-07 15:36:06,50768.0,43982.0,1.0,1450.0,2023-09-07 15:36:06,2023-09-07 15:23:39
1694071420870,34.0,2023-09-07 15:36:06,35094.0,10176.0,1.0,1440.0,2023-09-07 15:36:06,2023-09-07 15:23:40
1694071423220,52.0,2023-09-07 15:36:06,11605.0,20049.0,1.0,2350.0,2023-09-07 15:36:06,2023-09-07 15:23:43
1694071424090,44.0,2023-09-07 15:36:06,22679.0,34421.0,1.0,870.0,2023-09-07 15:36:06,2023-09-07 15:23:44
1694071425560,48.0,2023-09-07 15:36:06,13526.0,8478.0,1.0,1470.0,2023-09-07 15:36:06,2023-09-07 15:23:45
1694071426160,188.0,2023-09-07 15:36:06,43002.0,5436.0,1.0,600.0,2023-09-07 15:36:06,2023-09-07 15:23:46
1694071427250,76.0,2023-09-07 15:36:06,8008.0,61138.0,1.0,1090.0,2023-09-07 15:36:06,2023-09-07 15:23:47
1694071427830,84.0,2023-09-07 15:36:06,2546.0,1582.0,1.0,580.0,2023-09-07 15:36:06,2023-09-07 15:23:47
1694071428150,48.0,2023-09-07 15:36:06,9328.0,4797.0,1.0,320.0,2023-09-07 15:36:06,2023-09-07 15:23:48
1694071429370,6.0,2023-09-07 15:36:06,190.0,7004.0,1.0,1220.0,2023-09-07 15:36:06,2023-09-07 15:23:49
1694071429840,40.0,2023-09-07 15:36:06,4313.0,1180.0,1.0,470.0,2023-09-07 15:36:06,2023-09-07 15:23:49
1694071430610,6.0,2023-09-07 15:36:06,6920.0,17976.0,1.0,770.0,2023-09-07 15:36:06,2023-09-07 15:23:50
1694071431640,12.0,2023-09-07 15:36:06,1144.0,2618.0,1.0,1030.0,2023-09-07 15:36:06,2023-09-07 15:23:51
1694071432320,6.0,2023-09-07 15:36:06,2788.0,2696.0,1.0,680.0,2023-09-07 15:36:06,2023-09-07 15:23:52
1694071433400,4.0,2023-09-07 15:36:06,2522.0,2525.0,1.0,1080.0,2023-09-07 15:36:06,2023-09-07 15:23:53
1694071436430,10.0,2023-09-07 15:36:06,2759.0,5935.0,1.0,760.0,2023-09-07 15:36:06,2023-09-07 15:23:56
1694071437180,36.0,2023-09-07 15:36:06,3226.0,1313.0,1.0,750.0,2023-09-07 15:36:06,2023-09-07 15:23:57
1694071437610,12.0,2023-09-07 15:36:06,5041.0,2514.0,1.0,430.0,2023-09-07 15:36:06,2023-09-07 15:23:57
1694071438630,32.0,2023-09-07 15:36:06,6169.0,1310.0,1.0,1020.0,2023-09-07 15:36:06,2023-09-07 15:23:58
1694071439210,114.0,2023-09-07 15:36:06,23166.0,6095.0,1.0,580.0,2023-09-07 15:36:06,2023-09-07 15:23:59
1694071440250,18.0,2023-09-07 15:36:06,17101.0,31223.0,1.0,1040.0,2023-09-07 15:36:06,2023-09-07 15:24:00
1694071442080,26.0,2023-09-07 15:36:06,1667.0,18751.0,1.0,1830.0,2023-09-07 15:36:06,2023-09-07 15:24:02
1694071442560,24.0,2023-09-07 15:36:06,1403.0,1258.0,1.0,480.0,2023-09-07 15:36:06,2023-09-07 15:24:02
1694071443170,26.0,2023-09-07 15:36:06,14484.0,7494.0,1.0,610.0,2023-09-07 15:36:06,2023-09-07 15:24:03
1694071444290,68.0,2023-09-07 15:36:06,186.0,6276.0,1.0,1120.0,2023-09-07 15:36:06,2023-09-07 15:24:04
1694071444810,34.0,2023-09-07 15:36:06,1234.0,3213.0,1.0,520.0,2023-09-07 15:36:06,2023-09-07 15:24:04
1694071445210,80.0,2023-09-07 15:36:06,8630.0,1279.0,1.0,400.0,2023-09-07 15:36:06,2023-09-07 15:24:05
1694071446370,42.0,2023-09-07 15:36:06,1898.0,16703.0,1.0,1160.0,2023-09-07 15:36:06,2023-09-07 15:24:06
1694071446670,38.0,2023-09-07 15:36:06,333.0,954.0,1.0,300.0,2023-09-07 15:36:06,2023-09-07 15:24:06
1694071447000,38.0,2023-09-07 15:36:06,36147.0,4333.0,1.0,330.0,2023-09-07 15:36:06,2023-09-07 15:24:07
1694071448730,214.0,2023-09-07 15:36:06,506.0,29640.0,1.0,1730.0,2023-09-07 15:36:06,2023-09-07 15:24:08
1694071449010,220.0,2023-09-07 15:36:06,10097.0,4487.0,1.0,280.0,2023-09-07 15:36:06,2023-09-07 15:24:09
1694071449430,176.0,2023-09-07 15:36:06,15926.0,18717.0,1.0,420.0,2023-09-07 15:36:06,2023-09-07 15:24:09
1694071450190,92.0,2023-09-07 15:36:06,2117.0,7257.0,1.0,760.0,2023-09-07 15:36:06,2023-09-07 15:24:10
1694071450470,782.0,2023-09-07 15:36:06,10927.0,2507.0,1.0,280.0,2023-09-07 15:36:06,2023-09-07 15:24:10
1694071450920,798.0,2023-09-07 15:36:06,53632.0,22026.0,1.0,450.0,2023-09-07 15:36:06,2023-09-07 15:24:10
1694071452210,156.0,2023-09-07 15:36:06,12918.0,31697.0,1.0,1290.0,2023-09-07 15:36:06,2023-09-07 15:24:12
1694071452720,208.0,2023-09-07 15:36:06,429.0,116.0,1.0,510.0,2023-09-07 15:36:06,2023-09-07 15:24:12
1694071453090,102.0,2023-09-07 15:36:06,4634.0,2621.0,1.0,370.0,2023-09-07 15:36:06,2023-09-07 15:24:13
1694071453630,400.0,2023-09-07 15:36:06,7682.0,19733.0,1.0,540.0,2023-09-07 15:36:06,2023-09-07 15:24:13
1694071454080,744.0,2023-09-07 15:36:06,38436.0,17732.0,1.0,450.0,2023-09-07 15:36:06,2023-09-07 15:24:14
1694071454590,188.0,2023-09-07 15:36:06,190643.0,95819.0,1.0,510.0,2023-09-07 15:36:06,2023-09-07 15:24:14
1694071456700,394.0,2023-09-07 15:36:06,63205.0,95485.0,1.0,2110.0,2023-09-07 15:36:06,2023-09-07 15:24:16
1694071457540,182.0,2023-09-07 15:36:06,11816.0,7792.0,1.0,840.0,2023-09-07 15:36:06,2023-09-07 15:24:17
1694071458170,504.0,2023-09-07 15:36:06,9268.0,15950.0,1.0,630.0,2023-09-07 15:36:06,2023-09-07 15:24:18
1694071459660,316.0,2023-09-07 15:36:06,25312.0,198723.0,1.0,1490.0,2023-09-07 15:36:06,2023-09-07 15:24:19
1694071460110,226.0,2023-09-07 15:36:06,27472.0,4534.0,1.0,450.0,2023-09-07 15:36:06,2023-09-07 15:24:20
1694071461030,396.0,2023-09-07 15:36:06,20796.0,21206.0,1.0,920.0,2023-09-07 15:36:06,2023-09-07 15:24:21
1694071461700,184.0,2023-09-07 15:36:06,4905.0,8313.0,1.0,670.0,2023-09-07 15:36:06,2023-09-07 15:24:21
1694071462060,408.0,2023-09-07 15:36:06,558.0,2197.0,1.0,360.0,2023-09-07 15:36:06,2023-09-07 15:24:22
1694071462630,82.0,2023-09-07 15:36:06,5453.0,18614.0,1.0,570.0,2023-09-07 15:36:06,2023-09-07 15:24:22
1694071463460,190.0,2023-09-07 15:36:06,2313.0,3019.0,1.0,830.0,2023-09-07 15:36:06,2023-09-07 15:24:23
1694071463880,308.0,2023-09-07 15:36:06,6184.0,659.0,1.0,420.0,2023-09-07 15:36:06,2023-09-07 15:24:23
1694071464410,254.0,2023-09-07 15:36:06,4831.0,12741.0,1.0,530.0,2023-09-07 15:36:06,2023-09-07 15:24:24
1694071464690,142.0,2023-09-07 15:36:06,6612.0,4936.0,1.0,280.0,2023-09-07 15:36:06,2023-09-07 15:24:24
1694071465310,216.0,2023-09-07 15:36:06,3897.0,5721.0,1.0,620.0,2023-09-07 15:36:06,2023-09-07 15:24:25
1694071465640,196.0,2023-09-07 15:36:06,3776.0,4505.0,1.0,330.0,2023-09-07 15:36:06,2023-09-07 15:24:25
1694071466040,202.0,2023-09-07 15:36:06,11312.0,2622.0,1.0,400.0,2023-09-07 15:36:06,2023-09-07 15:24:26
1694071466690,638.0,2023-09-07 15:36:06,28584.0,25246.0,1.0,650.0,2023-09-07 15:36:06,2023-09-07 15:24:26
1694071467910,234.0,2023-09-07 15:36:06,11515.0,21949.0,1.0,1220.0,2023-09-07 15:36:06,2023-09-07 15:24:27
1694071468520,426.0,2023-09-07 15:36:06,5149.0,4254.0,1.0,610.0,2023-09-07 15:36:06,2023-09-07 15:24:28
1694071469120,250.0,2023-09-07 15:36:06,5996.0,2907.0,1.0,600.0,2023-09-07 15:36:06,2023-09-07 15:24:29
1694071469640,348.0,2023-09-07 15:36:06,288.0,350.0,1.0,520.0,2023-09-07 15:36:06,2023-09-07 15:24:29
1694071470230,312.0,2023-09-07 15:36:06,1899.0,5782.0,1.0,590.0,2023-09-07 15:36:06,2023-09-07 15:24:30
1694071470830,176.0,2023-09-07 15:36:06,1254.0,9997.0,1.0,600.0,2023-09-07 15:36:06,2023-09-07 15:24:30
1694071471250,910.0,2023-09-07 15:36:06,22743.0,11534.0,1.0,420.0,2023-09-07 15:36:06,2023-09-07 15:24:31
1694071472240,444.0,2023-09-07 15:36:06,237973.0,73076.0,1.0,990.0,2023-09-07 15:36:06,2023-09-07 15:24:32
1694071474180,114.0,2023-09-07 15:36:06,17405.0,54452.0,1.0,1940.0,2023-09-07 15:36:06,2023-09-07 15:24:34
1694071474960,144.0,2023-09-07 15:36:06,4072.0,343.0,1.0,780.0,2023-09-07 15:36:06,2023-09-07 15:24:34
1694071476090,394.0,2023-09-07 15:36:06,1426.0,10413.0,1.0,1130.0,2023-09-07 15:36:06,2023-09-07 15:24:36
1694071476570,428.0,2023-09-07 15:36:06,25633.0,7820.0,1.0,480.0,2023-09-07 15:36:06,2023-09-07 15:24:36
1694071477400,420.0,2023-09-07 15:36:06,47356.0,44948.0,1.0,830.0,2023-09-07 15:36:06,2023-09-07 15:24:37
1694071478600,150.0,2023-09-07 15:36:06,15167.0,2507.0,1.0,1200.0,2023-09-07 15:36:06,2023-09-07 15:24:38
1694071479260,300.0,2023-09-07 15:36:06,21937.0,17662.0,1.0,660.0,2023-09-07 15:36:06,2023-09-07 15:24:39
1694071480030,228.0,2023-09-07 15:36:06,58969.0,3636.0,1.0,770.0,2023-09-07 15:36:06,2023-09-07 15:24:40
1694071481080,446.0,2023-09-07 15:36:06,86220.0,38752.0,1.0,1050.0,2023-09-07 15:36:06,2023-09-07 15:24:41
1694071481910,186.0,2023-09-07 15:36:06,3451.0,13543.0,1.0,830.0,2023-09-07 15:36:06,2023-09-07 15:24:41
1694071482410,444.0,2023-09-07 15:36:06,39573.0,16019.0,1.0,500.0,2023-09-07 15:36:06,2023-09-07 15:24:42
1694071483100,340.0,2023-09-07 15:36:06,14518.0,13487.0,1.0,690.0,2023-09-07 15:36:06,2023-09-07 15:24:43
1694071483650,250.0,2023-09-07 15:36:06,15090.0,13755.0,1.0,550.0,2023-09-07 15:36:06,2023-09-07 15:24:43
1694071484330,254.0,2023-09-07 15:36:06,65798.0,14074.0,1.0,680.0,2023-09-07 15:36:06,2023-09-07 15:24:44
1694071485020,592.0,2023-09-07 15:36:06,51112.0,23151.0,1.0,690.0,2023-09-07 15:36:06,2023-09-07 15:24:45
1694071485960,206.0,2023-09-07 15:36:06,64449.0,177078.0,1.0,940.0,2023-09-07 15:36:06,2023-09-07 15:24:45
1694071486830,260.0,2023-09-07 15:36:06,11539.0,24478.0,1.0,870.0,2023-09-07 15:36:06,2023-09-07 15:24:46
1694071487210,96.0,2023-09-07 15:36:06,26151.0,13313.0,1.0,380.0,2023-09-07 15:36:06,2023-09-07 15:24:47
1694071487960,518.0,2023-09-07 15:36:06,5553.0,1482.0,1.0,750.0,2023-09-07 15:36:06,2023-09-07 15:24:47
1694071488260,180.0,2023-09-07 15:36:06,179935.0,34543.0,1.0,300.0,2023-09-07 15:36:06,2023-09-07 15:24:48
1694071489900,56.0,2023-09-07 15:36:06,471.0,43623.0,1.0,1640.0,2023-09-07 15:36:06,2023-09-07 15:24:49
1694071490750,146.0,2023-09-07 15:36:06,63191.0,132365.0,1.0,850.0,2023-09-07 15:36:06,2023-09-07 15:24:50
1694071491930,170.0,2023-09-07 15:36:06,213.0,82055.0,1.0,1180.0,2023-09-07 15:36:06,2023-09-07 15:24:51
1694071492590,180.0,2023-09-07 15:36:06,16781.0,22427.0,1.0,660.0,2023-09-07 15:36:06,2023-09-07 15:24:52
1694071493210,74.0,2023-09-07 15:36:06,41697.0,8074.0,1.0,620.0,2023-09-07 15:36:06,2023-09-07 15:24:53
1694071497590,168.0,2023-09-07 15:36:06,74486.0,13942.0,1.0,440.0,2023-09-07 15:36:06,2023-09-07 15:24:57
1694071498300,514.0,2023-09-07 15:36:06,169576.0,157387.0,1.0,710.0,2023-09-07 15:36:06,2023-09-07 15:24:58
