timestamp,reportType,mbbBefore,createTime,bm,uploadTime,rrInterval,mbbAfter,showtimestamp
1699414660440,1.0,279.0,2023-11-08 12:01:18,4.0,2023-11-08 12:01:19,630.0,387.0,2023-11-08 11:37:40
1699414661060,1.0,215.0,2023-11-08 12:01:18,8.0,2023-11-08 12:01:19,620.0,385.0,2023-11-08 11:37:41
1699414661670,1.0,203.0,2023-11-08 12:01:18,76.0,2023-11-08 12:01:19,610.0,1461.0,2023-11-08 11:37:41
1699414662370,1.0,1383.0,2023-11-08 12:01:18,6.0,2023-11-08 12:01:19,700.0,4486.0,2023-11-08 11:37:42
1699414663730,1.0,366.0,2023-11-08 12:01:18,2.0,2023-11-08 12:01:19,1360.0,526.0,2023-11-08 11:37:43
1699414664700,1.0,2470.0,2023-11-08 12:01:18,18.0,2023-11-08 12:01:19,970.0,785.0,2023-11-08 11:37:44
1699414665160,1.0,218.0,2023-11-08 12:01:18,56.0,2023-11-08 12:01:19,460.0,2063.0,2023-11-08 11:37:45
1699414665890,1.0,2202.0,2023-11-08 12:01:18,30.0,2023-11-08 12:01:19,730.0,2081.0,2023-11-08 11:37:45
1699414666530,1.0,797.0,2023-11-08 12:01:18,38.0,2023-11-08 12:01:19,640.0,1665.0,2023-11-08 11:37:46
1699414667360,1.0,2179.0,2023-11-08 12:01:18,14.0,2023-11-08 12:01:19,830.0,4155.0,2023-11-08 11:37:47
1699414668440,1.0,13639.0,2023-11-08 12:01:18,28.0,2023-11-08 12:01:19,1080.0,12034.0,2023-11-08 11:37:48
1699414670970,1.0,5311.0,2023-11-08 12:01:18,4.0,2023-11-08 12:01:19,2530.0,285.0,2023-11-08 11:37:50
1699414671490,1.0,387.0,2023-11-08 12:01:18,6.0,2023-11-08 12:01:19,520.0,850.0,2023-11-08 11:37:51
1699414672110,1.0,710.0,2023-11-08 12:01:18,10.0,2023-11-08 12:01:19,620.0,1034.0,2023-11-08 11:37:52
1699414672710,1.0,691.0,2023-11-08 12:01:18,8.0,2023-11-08 12:01:19,600.0,863.0,2023-11-08 11:37:52
1699414673360,1.0,740.0,2023-11-08 12:01:18,8.0,2023-11-08 12:01:19,650.0,842.0,2023-11-08 11:37:53
1699414674000,1.0,643.0,2023-11-08 12:01:18,4.0,2023-11-08 12:01:19,640.0,845.0,2023-11-08 11:37:54
1699414674680,1.0,644.0,2023-11-08 12:01:18,10.0,2023-11-08 12:01:19,680.0,888.0,2023-11-08 11:37:54
1699414675370,1.0,614.0,2023-11-08 12:01:18,8.0,2023-11-08 12:01:19,690.0,821.0,2023-11-08 11:37:55
1699414676080,1.0,588.0,2023-11-08 12:01:18,6.0,2023-11-08 12:01:19,710.0,665.0,2023-11-08 11:37:56
1699414676750,1.0,410.0,2023-11-08 12:01:18,10.0,2023-11-08 12:01:19,670.0,628.0,2023-11-08 11:37:56
1699414677410,1.0,428.0,2023-11-08 12:01:18,8.0,2023-11-08 12:01:19,660.0,564.0,2023-11-08 11:37:57
1699414678040,1.0,386.0,2023-11-08 12:01:18,20.0,2023-11-08 12:01:19,630.0,553.0,2023-11-08 11:37:58
1699414678660,1.0,422.0,2023-11-08 12:01:18,14.0,2023-11-08 12:01:19,620.0,628.0,2023-11-08 11:37:58
1699414679310,1.0,528.0,2023-11-08 12:01:18,12.0,2023-11-08 12:01:19,650.0,842.0,2023-11-08 11:37:59
1699414680010,1.0,562.0,2023-11-08 12:01:18,8.0,2023-11-08 12:01:19,700.0,720.0,2023-11-08 11:38:00
1699414680730,1.0,591.0,2023-11-08 12:01:18,10.0,2023-11-08 12:01:19,720.0,784.0,2023-11-08 11:38:00
1699414681490,1.0,670.0,2023-11-08 12:01:18,12.0,2023-11-08 12:01:19,760.0,734.0,2023-11-08 11:38:01
1699414682200,1.0,537.0,2023-11-08 12:01:18,6.0,2023-11-08 12:01:19,710.0,725.0,2023-11-08 11:38:02
1699414682900,1.0,453.0,2023-11-08 12:01:18,8.0,2023-11-08 12:01:19,700.0,602.0,2023-11-08 11:38:02
1699414683590,1.0,391.0,2023-11-08 12:01:19,10.0,2023-11-08 12:01:19,690.0,664.0,2023-11-08 11:38:03
1699414684240,1.0,412.0,2023-11-08 12:01:19,6.0,2023-11-08 12:01:19,650.0,676.0,2023-11-08 11:38:04
1699414684900,1.0,543.0,2023-11-08 12:01:19,20.0,2023-11-08 12:01:19,660.0,793.0,2023-11-08 11:38:04
1699414685520,1.0,468.0,2023-11-08 12:01:19,6.0,2023-11-08 12:01:19,620.0,457.0,2023-11-08 11:38:05
1699414686170,1.0,528.0,2023-11-08 12:01:19,18.0,2023-11-08 12:01:19,650.0,801.0,2023-11-08 11:38:06
1699414686870,1.0,597.0,2023-11-08 12:01:19,6.0,2023-11-08 12:01:19,700.0,546.0,2023-11-08 11:38:06
1699414687590,1.0,1055.0,2023-11-08 12:01:19,10.0,2023-11-08 12:01:19,720.0,835.0,2023-11-08 11:38:07
1699414688330,1.0,501.0,2023-11-08 12:01:19,2.0,2023-11-08 12:01:19,740.0,876.0,2023-11-08 11:38:08
1699414689060,1.0,793.0,2023-11-08 12:01:19,6.0,2023-11-08 12:01:19,730.0,839.0,2023-11-08 11:38:09
1699414689790,1.0,505.0,2023-11-08 12:01:19,4.0,2023-11-08 12:01:19,730.0,714.0,2023-11-08 11:38:09
1699414690540,1.0,512.0,2023-11-08 12:01:19,6.0,2023-11-08 12:01:19,750.0,883.0,2023-11-08 11:38:10
1699414691300,1.0,532.0,2023-11-08 12:01:19,4.0,2023-11-08 12:01:19,760.0,678.0,2023-11-08 11:38:11
1699414692060,1.0,550.0,2023-11-08 12:01:19,6.0,2023-11-08 12:01:19,760.0,755.0,2023-11-08 11:38:12
1699414692800,1.0,517.0,2023-11-08 12:01:19,10.0,2023-11-08 12:01:19,740.0,748.0,2023-11-08 11:38:12
1699414693510,1.0,470.0,2023-11-08 12:01:19,8.0,2023-11-08 12:01:19,710.0,761.0,2023-11-08 11:38:13
1699414694200,1.0,451.0,2023-11-08 12:01:19,4.0,2023-11-08 12:01:19,690.0,626.0,2023-11-08 11:38:14
1699414694870,1.0,469.0,2023-11-08 12:01:19,8.0,2023-11-08 12:01:19,670.0,627.0,2023-11-08 11:38:14
1699414695540,1.0,478.0,2023-11-08 12:01:19,16.0,2023-11-08 12:01:19,670.0,743.0,2023-11-08 11:38:15
1699414696250,1.0,533.0,2023-11-08 12:01:19,10.0,2023-11-08 12:01:19,710.0,782.0,2023-11-08 11:38:16
1699414696970,1.0,558.0,2023-11-08 12:01:19,16.0,2023-11-08 12:01:19,720.0,756.0,2023-11-08 11:38:16
1699414697730,1.0,516.0,2023-11-08 12:01:19,6.0,2023-11-08 12:01:19,760.0,565.0,2023-11-08 11:38:17
1699414698380,1.0,364.0,2023-11-08 12:01:19,8.0,2023-11-08 12:01:19,650.0,751.0,2023-11-08 11:38:18
1699414699110,1.0,480.0,2023-11-08 12:01:19,6.0,2023-11-08 12:01:19,730.0,686.0,2023-11-08 11:38:19
1699414699840,1.0,491.0,2023-11-08 12:01:19,4.0,2023-11-08 12:01:19,730.0,879.0,2023-11-08 11:38:19
1699414700560,1.0,547.0,2023-11-08 12:01:19,6.0,2023-11-08 12:01:19,720.0,630.0,2023-11-08 11:38:20
1699414701240,1.0,517.0,2023-11-08 12:01:19,10.0,2023-11-08 12:01:19,680.0,748.0,2023-11-08 11:38:21
1699414701970,1.0,595.0,2023-11-08 12:01:19,12.0,2023-11-08 12:01:19,730.0,993.0,2023-11-08 11:38:21
1699414702720,1.0,635.0,2023-11-08 12:01:19,2.0,2023-11-08 12:01:19,750.0,512.0,2023-11-08 11:38:22
1699414703410,1.0,361.0,2023-11-08 12:01:19,0.0,2023-11-08 12:01:19,690.0,631.0,2023-11-08 11:38:23
1699414704090,1.0,423.0,2023-11-08 12:01:19,8.0,2023-11-08 12:01:19,680.0,577.0,2023-11-08 11:38:24
1699414704800,1.0,429.0,2023-11-08 12:01:19,6.0,2023-11-08 12:01:19,710.0,487.0,2023-11-08 11:38:24
1699414705490,1.0,388.0,2023-11-08 12:01:19,14.0,2023-11-08 12:01:19,690.0,677.0,2023-11-08 11:38:25
1699414706160,1.0,411.0,2023-11-08 12:01:19,14.0,2023-11-08 12:01:19,670.0,592.0,2023-11-08 11:38:26
1699414706790,1.0,415.0,2023-11-08 12:01:19,10.0,2023-11-08 12:01:19,630.0,754.0,2023-11-08 11:38:26
1699414707450,1.0,512.0,2023-11-08 12:01:19,8.0,2023-11-08 12:01:19,660.0,755.0,2023-11-08 11:38:27
1699414708130,1.0,553.0,2023-11-08 12:01:19,8.0,2023-11-08 12:01:19,680.0,795.0,2023-11-08 11:38:28
1699414708850,1.0,688.0,2023-11-08 12:01:19,4.0,2023-11-08 12:01:19,720.0,918.0,2023-11-08 11:38:28
1699414711680,1.0,396.0,2023-11-08 12:01:19,10.0,2023-11-08 12:01:19,730.0,551.0,2023-11-08 11:38:31
1699414712410,1.0,394.0,2023-11-08 12:01:19,4.0,2023-11-08 12:01:19,730.0,827.0,2023-11-08 11:38:32
1699414713160,1.0,553.0,2023-11-08 12:01:19,18.0,2023-11-08 12:01:19,750.0,828.0,2023-11-08 11:38:33
1699414713940,1.0,590.0,2023-11-08 12:01:19,6.0,2023-11-08 12:01:19,780.0,820.0,2023-11-08 11:38:33
1699414714730,1.0,599.0,2023-11-08 12:01:19,4.0,2023-11-08 12:01:19,790.0,823.0,2023-11-08 11:38:34
1699414715530,1.0,571.0,2023-11-08 12:01:19,10.0,2023-11-08 12:01:19,800.0,827.0,2023-11-08 11:38:35
1699414716310,1.0,429.0,2023-11-08 12:01:19,2.0,2023-11-08 12:01:19,780.0,548.0,2023-11-08 11:38:36
1699414717040,1.0,439.0,2023-11-08 12:01:19,4.0,2023-11-08 12:01:19,730.0,677.0,2023-11-08 11:38:37
1699414717760,1.0,487.0,2023-11-08 12:01:19,14.0,2023-11-08 12:01:19,720.0,979.0,2023-11-08 11:38:37
1699414718480,1.0,2361.0,2023-11-08 12:01:19,14.0,2023-11-08 12:01:19,720.0,1789.0,2023-11-08 11:38:38
1699414719220,1.0,489.0,2023-11-08 12:01:19,14.0,2023-11-08 12:01:19,740.0,857.0,2023-11-08 11:38:39
1699414719980,1.0,650.0,2023-11-08 12:01:19,22.0,2023-11-08 12:01:19,760.0,989.0,2023-11-08 11:38:39
1699414720710,1.0,588.0,2023-11-08 12:01:19,10.0,2023-11-08 12:01:19,730.0,637.0,2023-11-08 11:38:40
1699414721390,1.0,551.0,2023-11-08 12:01:19,6.0,2023-11-08 12:01:19,680.0,939.0,2023-11-08 11:38:41
1699414722050,1.0,621.0,2023-11-08 12:01:19,8.0,2023-11-08 12:01:19,660.0,989.0,2023-11-08 11:38:42
1699414722710,1.0,698.0,2023-11-08 12:01:19,6.0,2023-11-08 12:01:19,660.0,937.0,2023-11-08 11:38:42
1699414723410,1.0,736.0,2023-11-08 12:01:19,8.0,2023-11-08 12:01:19,700.0,922.0,2023-11-08 11:38:43
1699414724160,1.0,751.0,2023-11-08 12:01:19,8.0,2023-11-08 12:01:19,750.0,1000.0,2023-11-08 11:38:44
1699414724910,1.0,581.0,2023-11-08 12:01:19,8.0,2023-11-08 12:01:19,750.0,814.0,2023-11-08 11:38:44
1699414725650,1.0,511.0,2023-11-08 12:01:19,4.0,2023-11-08 12:01:19,740.0,605.0,2023-11-08 11:38:45
1699414726340,1.0,465.0,2023-11-08 12:01:19,0.0,2023-11-08 12:01:19,690.0,811.0,2023-11-08 11:38:46
1699414727060,1.0,527.0,2023-11-08 12:01:19,8.0,2023-11-08 12:01:19,720.0,1065.0,2023-11-08 11:38:47
1699414727800,1.0,883.0,2023-11-08 12:01:19,6.0,2023-11-08 12:01:19,740.0,721.0,2023-11-08 11:38:47
1699414728550,1.0,674.0,2023-11-08 12:01:19,2.0,2023-11-08 12:01:19,750.0,913.0,2023-11-08 11:38:48
1699414729290,1.0,543.0,2023-11-08 12:01:19,4.0,2023-11-08 12:01:19,740.0,876.0,2023-11-08 11:38:49
1699414730050,1.0,606.0,2023-11-08 12:01:19,8.0,2023-11-08 12:01:19,760.0,822.0,2023-11-08 11:38:50
1699414730760,1.0,617.0,2023-11-08 12:01:19,8.0,2023-11-08 12:01:19,710.0,861.0,2023-11-08 11:38:50
1699414731430,1.0,564.0,2023-11-08 12:01:19,10.0,2023-11-08 12:01:19,670.0,909.0,2023-11-08 11:38:51
1699414732110,1.0,505.0,2023-11-08 12:01:19,8.0,2023-11-08 12:01:19,680.0,848.0,2023-11-08 11:38:52
1699414732820,1.0,635.0,2023-11-08 12:01:19,8.0,2023-11-08 12:01:19,710.0,864.0,2023-11-08 11:38:52
1699414733530,1.0,596.0,2023-11-08 12:01:19,12.0,2023-11-08 12:01:19,710.0,765.0,2023-11-08 11:38:53
1699414734250,1.0,611.0,2023-11-08 12:01:19,8.0,2023-11-08 12:01:19,720.0,787.0,2023-11-08 11:38:54
1699414734950,1.0,436.0,2023-11-08 12:01:19,10.0,2023-11-08 12:01:19,700.0,546.0,2023-11-08 11:38:54
1699414735610,1.0,362.0,2023-11-08 12:01:19,14.0,2023-11-08 12:01:19,660.0,355.0,2023-11-08 11:38:55
1699414736250,1.0,334.0,2023-11-08 12:01:19,16.0,2023-11-08 12:01:19,640.0,696.0,2023-11-08 11:38:56
1699414736950,1.0,520.0,2023-11-08 12:01:19,8.0,2023-11-08 12:01:19,700.0,691.0,2023-11-08 11:38:56
1699414737680,1.0,516.0,2023-11-08 12:01:19,2.0,2023-11-08 12:01:19,730.0,665.0,2023-11-08 11:38:57
1699414738430,1.0,576.0,2023-11-08 12:01:19,2.0,2023-11-08 12:01:19,750.0,644.0,2023-11-08 11:38:58
1699414739150,1.0,493.0,2023-11-08 12:01:19,4.0,2023-11-08 12:01:19,720.0,644.0,2023-11-08 11:38:59
1699414739870,1.0,460.0,2023-11-08 12:01:19,8.0,2023-11-08 12:01:19,720.0,1014.0,2023-11-08 11:38:59
1699414740560,1.0,526.0,2023-11-08 12:01:19,10.0,2023-11-08 12:01:19,690.0,531.0,2023-11-08 11:39:00
1699414741200,1.0,427.0,2023-11-08 12:01:19,8.0,2023-11-08 12:01:19,640.0,758.0,2023-11-08 11:39:01
1699414741890,1.0,460.0,2023-11-08 12:01:19,8.0,2023-11-08 12:01:19,690.0,698.0,2023-11-08 11:39:01
1699414742620,1.0,546.0,2023-11-08 12:01:19,8.0,2023-11-08 12:01:19,730.0,806.0,2023-11-08 11:39:02
1699414743390,1.0,525.0,2023-11-08 12:01:19,12.0,2023-11-08 12:01:19,770.0,870.0,2023-11-08 11:39:03
1699414744160,1.0,580.0,2023-11-08 12:01:19,10.0,2023-11-08 12:01:19,770.0,819.0,2023-11-08 11:39:04
1699414744860,1.0,508.0,2023-11-08 12:01:19,4.0,2023-11-08 12:01:19,700.0,662.0,2023-11-08 11:39:04
1699414745460,1.0,277.0,2023-11-08 12:01:19,30.0,2023-11-08 12:01:19,600.0,962.0,2023-11-08 11:39:05
1699414746150,1.0,303.0,2023-11-08 12:01:19,60.0,2023-11-08 12:01:19,690.0,172.0,2023-11-08 11:39:06
1699414746860,1.0,2804.0,2023-11-08 12:01:19,82.0,2023-11-08 12:01:19,710.0,3118.0,2023-11-08 11:39:06
1699414747570,1.0,5614.0,2023-11-08 12:01:19,46.0,2023-11-08 12:01:19,710.0,2278.0,2023-11-08 11:39:07
1699414748120,1.0,471.0,2023-11-08 12:01:19,54.0,2023-11-08 12:01:19,550.0,1743.0,2023-11-08 11:39:08
1699414748850,1.0,1394.0,2023-11-08 12:01:19,14.0,2023-11-08 12:01:19,730.0,1264.0,2023-11-08 11:39:08
1699414749450,1.0,742.0,2023-11-08 12:01:19,4.0,2023-11-08 12:01:19,600.0,633.0,2023-11-08 11:39:09
1699414750110,1.0,2032.0,2023-11-08 12:01:19,280.0,2023-11-08 12:01:19,660.0,4671.0,2023-11-08 11:39:10
1699414751030,1.0,1871.0,2023-11-08 12:01:19,134.0,2023-11-08 12:01:19,920.0,1551.0,2023-11-08 11:39:11
1699414751950,1.0,4630.0,2023-11-08 12:01:19,32.0,2023-11-08 12:01:19,920.0,1363.0,2023-11-08 11:39:11
1699414752530,1.0,404.0,2023-11-08 12:01:19,32.0,2023-11-08 12:01:19,580.0,703.0,2023-11-08 11:39:12
1699414753180,1.0,696.0,2023-11-08 12:01:19,16.0,2023-11-08 12:01:19,650.0,791.0,2023-11-08 11:39:13
1699414753840,1.0,655.0,2023-11-08 12:01:19,14.0,2023-11-08 12:01:19,660.0,574.0,2023-11-08 11:39:13
1699414754490,1.0,425.0,2023-11-08 12:01:19,10.0,2023-11-08 12:01:19,650.0,661.0,2023-11-08 11:39:14
1699414755130,1.0,488.0,2023-11-08 12:01:19,16.0,2023-11-08 12:01:19,640.0,527.0,2023-11-08 11:39:15
1699414755740,1.0,334.0,2023-11-08 12:01:19,8.0,2023-11-08 12:01:19,610.0,537.0,2023-11-08 11:39:15
1699414756390,1.0,367.0,2023-11-08 12:01:19,4.0,2023-11-08 12:01:19,650.0,482.0,2023-11-08 11:39:16
1699414757000,1.0,256.0,2023-11-08 12:01:19,12.0,2023-11-08 12:01:19,610.0,361.0,2023-11-08 11:39:17
1699414757620,1.0,271.0,2023-11-08 12:01:19,4.0,2023-11-08 12:01:19,620.0,378.0,2023-11-08 11:39:17
1699414758230,1.0,191.0,2023-11-08 12:01:19,6.0,2023-11-08 12:01:19,610.0,484.0,2023-11-08 11:39:18
1699414758880,1.0,314.0,2023-11-08 12:01:19,20.0,2023-11-08 12:01:19,650.0,386.0,2023-11-08 11:39:18
1699414759470,1.0,296.0,2023-11-08 12:01:19,8.0,2023-11-08 12:01:19,590.0,569.0,2023-11-08 11:39:19
1699414760170,1.0,452.0,2023-11-08 12:01:19,2.0,2023-11-08 12:01:19,700.0,585.0,2023-11-08 11:39:20
1699414760900,1.0,434.0,2023-11-08 12:01:19,4.0,2023-11-08 12:01:19,730.0,503.0,2023-11-08 11:39:20
1699414761650,1.0,367.0,2023-11-08 12:01:19,8.0,2023-11-08 12:01:19,750.0,460.0,2023-11-08 11:39:21
1699414762390,1.0,369.0,2023-11-08 12:01:19,8.0,2023-11-08 12:01:19,740.0,584.0,2023-11-08 11:39:22
1699414763120,1.0,322.0,2023-11-08 12:01:19,10.0,2023-11-08 12:01:19,730.0,466.0,2023-11-08 11:39:23
1699414763840,1.0,365.0,2023-11-08 12:01:19,8.0,2023-11-08 12:01:19,720.0,578.0,2023-11-08 11:39:23
1699414764550,1.0,279.0,2023-11-08 12:01:19,4.0,2023-11-08 12:01:19,710.0,566.0,2023-11-08 11:39:24
1699414765300,1.0,485.0,2023-11-08 12:01:19,2.0,2023-11-08 12:01:19,750.0,664.0,2023-11-08 11:39:25
1699414765990,1.0,522.0,2023-11-08 12:01:19,10.0,2023-11-08 12:01:19,690.0,772.0,2023-11-08 11:39:25
1699414766680,1.0,437.0,2023-11-08 12:01:19,8.0,2023-11-08 12:01:19,690.0,772.0,2023-11-08 11:39:26
1699414767430,1.0,634.0,2023-11-08 12:01:19,14.0,2023-11-08 12:01:19,750.0,1353.0,2023-11-08 11:39:27
1699414768200,1.0,797.0,2023-11-08 12:01:19,24.0,2023-11-08 12:01:19,770.0,771.0,2023-11-08 11:39:28
1699414768940,1.0,516.0,2023-11-08 12:01:19,4.0,2023-11-08 12:01:19,740.0,710.0,2023-11-08 11:39:28
1699414771450,1.0,475.0,2023-11-08 12:01:19,4.0,2023-11-08 12:01:19,660.0,687.0,2023-11-08 11:39:31
1699414772090,1.0,467.0,2023-11-08 12:01:19,10.0,2023-11-08 12:01:19,640.0,786.0,2023-11-08 11:39:32
1699414772710,1.0,501.0,2023-11-08 12:01:19,6.0,2023-11-08 12:01:19,620.0,833.0,2023-11-08 11:39:32
1699414773330,1.0,507.0,2023-11-08 12:01:19,10.0,2023-11-08 12:01:19,620.0,485.0,2023-11-08 11:39:33
1699414773940,1.0,524.0,2023-11-08 12:01:19,12.0,2023-11-08 12:01:19,610.0,964.0,2023-11-08 11:39:33
1699414774590,1.0,454.0,2023-11-08 12:01:19,6.0,2023-11-08 12:01:19,650.0,572.0,2023-11-08 11:39:34
1699414775260,1.0,669.0,2023-11-08 12:01:19,24.0,2023-11-08 12:01:19,670.0,495.0,2023-11-08 11:39:35
1699414775840,1.0,316.0,2023-11-08 12:01:19,16.0,2023-11-08 12:01:19,580.0,505.0,2023-11-08 11:39:35
1699414776490,1.0,740.0,2023-11-08 12:01:19,8.0,2023-11-08 12:01:19,650.0,696.0,2023-11-08 11:39:36
1699414777100,1.0,327.0,2023-11-08 12:01:19,8.0,2023-11-08 12:01:19,610.0,654.0,2023-11-08 11:39:37
1699414777760,1.0,361.0,2023-11-08 12:01:19,16.0,2023-11-08 12:01:19,660.0,586.0,2023-11-08 11:39:37
1699414778420,1.0,412.0,2023-11-08 12:01:19,2.0,2023-11-08 12:01:19,660.0,557.0,2023-11-08 11:39:38
1699414779100,1.0,398.0,2023-11-08 12:01:19,6.0,2023-11-08 12:01:19,680.0,595.0,2023-11-08 11:39:39
1699414779800,1.0,435.0,2023-11-08 12:01:19,4.0,2023-11-08 12:01:19,700.0,661.0,2023-11-08 11:39:39
1699414780540,1.0,497.0,2023-11-08 12:01:19,8.0,2023-11-08 12:01:19,740.0,740.0,2023-11-08 11:39:40
1699414781310,1.0,461.0,2023-11-08 12:01:19,8.0,2023-11-08 12:01:19,770.0,694.0,2023-11-08 11:39:41
1699414782060,1.0,444.0,2023-11-08 12:01:19,8.0,2023-11-08 12:01:19,750.0,706.0,2023-11-08 11:39:42
1699414782800,1.0,426.0,2023-11-08 12:01:19,6.0,2023-11-08 12:01:19,740.0,788.0,2023-11-08 11:39:42
1699414783540,1.0,467.0,2023-11-08 12:01:19,4.0,2023-11-08 12:01:19,740.0,678.0,2023-11-08 11:39:43
1699414784270,1.0,495.0,2023-11-08 12:01:19,8.0,2023-11-08 12:01:19,730.0,807.0,2023-11-08 11:39:44
1699414784980,1.0,513.0,2023-11-08 12:01:19,4.0,2023-11-08 12:01:19,710.0,627.0,2023-11-08 11:39:44
1699414786080,1.0,5596.0,2023-11-08 12:01:19,316.0,2023-11-08 12:01:19,1100.0,5970.0,2023-11-08 11:39:46
1699414787010,1.0,8565.0,2023-11-08 12:01:19,78.0,2023-11-08 12:01:19,930.0,2637.0,2023-11-08 11:39:47
1699414787880,1.0,3586.0,2023-11-08 12:01:19,84.0,2023-11-08 12:01:19,870.0,1969.0,2023-11-08 11:39:47
1699414788390,1.0,117.0,2023-11-08 12:01:19,96.0,2023-11-08 12:01:19,510.0,1953.0,2023-11-08 11:39:48
1699414789210,1.0,4821.0,2023-11-08 12:01:19,14.0,2023-11-08 12:01:19,820.0,5349.0,2023-11-08 11:39:49
1699414790740,1.0,417.0,2023-11-08 12:01:19,20.0,2023-11-08 12:01:19,1530.0,707.0,2023-11-08 11:39:50
1699414791610,1.0,659.0,2023-11-08 12:01:19,10.0,2023-11-08 12:01:19,870.0,519.0,2023-11-08 11:39:51
1699414792690,1.0,1838.0,2023-11-08 12:01:19,30.0,2023-11-08 12:01:19,1080.0,3465.0,2023-11-08 11:39:52
1699414794140,1.0,1281.0,2023-11-08 12:01:19,8.0,2023-11-08 12:01:19,1450.0,5185.0,2023-11-08 11:39:54
1699414795850,1.0,644.0,2023-11-08 12:01:19,10.0,2023-11-08 12:01:19,1710.0,1208.0,2023-11-08 11:39:55
1699414796640,1.0,214.0,2023-11-08 12:01:19,12.0,2023-11-08 12:01:19,790.0,309.0,2023-11-08 11:39:56
1699414797660,1.0,1679.0,2023-11-08 12:01:19,50.0,2023-11-08 12:01:19,1020.0,26944.0,2023-11-08 11:39:57
1699414798810,1.0,20386.0,2023-11-08 12:01:19,88.0,2023-11-08 12:01:19,1150.0,14105.0,2023-11-08 11:39:58
1699414800250,1.0,3150.0,2023-11-08 12:01:19,48.0,2023-11-08 12:01:19,1440.0,4665.0,2023-11-08 11:40:00
1699414801030,1.0,3272.0,2023-11-08 12:01:19,156.0,2023-11-08 12:01:19,780.0,2376.0,2023-11-08 11:40:01
1699414801660,1.0,3792.0,2023-11-08 12:01:19,38.0,2023-11-08 12:01:19,630.0,2441.0,2023-11-08 11:40:01
1699414802420,1.0,1910.0,2023-11-08 12:01:19,12.0,2023-11-08 12:01:19,760.0,1441.0,2023-11-08 11:40:02
1699414803260,1.0,1389.0,2023-11-08 12:01:19,10.0,2023-11-08 12:01:19,840.0,1851.0,2023-11-08 11:40:03
1699414804430,1.0,3581.0,2023-11-08 12:01:19,16.0,2023-11-08 12:01:19,1170.0,3740.0,2023-11-08 11:40:04
1699414805580,1.0,1120.0,2023-11-08 12:01:19,2.0,2023-11-08 12:01:19,1150.0,382.0,2023-11-08 11:40:05
1699414806390,1.0,3174.0,2023-11-08 12:01:19,12.0,2023-11-08 12:01:19,810.0,986.0,2023-11-08 11:40:06
1699414806790,1.0,340.0,2023-11-08 12:01:19,20.0,2023-11-08 12:01:19,400.0,1217.0,2023-11-08 11:40:06
1699414807630,1.0,2024.0,2023-11-08 12:01:19,8.0,2023-11-08 12:01:19,840.0,974.0,2023-11-08 11:40:07
1699414808140,1.0,508.0,2023-11-08 12:01:19,6.0,2023-11-08 12:01:19,510.0,1192.0,2023-11-08 11:40:08
1699414808880,1.0,1919.0,2023-11-08 12:01:19,22.0,2023-11-08 12:01:19,740.0,2580.0,2023-11-08 11:40:08
1699414809870,1.0,841.0,2023-11-08 12:01:19,10.0,2023-11-08 12:01:19,990.0,234.0,2023-11-08 11:40:09
1699414810470,1.0,480.0,2023-11-08 12:01:19,8.0,2023-11-08 12:01:19,600.0,567.0,2023-11-08 11:40:10
1699414811110,1.0,587.0,2023-11-08 12:01:19,8.0,2023-11-08 12:01:19,640.0,1964.0,2023-11-08 11:40:11
1699414811890,1.0,1937.0,2023-11-08 12:01:19,22.0,2023-11-08 12:01:19,780.0,3339.0,2023-11-08 11:40:11
1699414812600,1.0,1119.0,2023-11-08 12:01:19,72.0,2023-11-08 12:01:19,710.0,4804.0,2023-11-08 11:40:12
1699414813990,1.0,1888.0,2023-11-08 12:01:19,22.0,2023-11-08 12:01:19,1390.0,1204.0,2023-11-08 11:40:13
1699414814700,1.0,1442.0,2023-11-08 12:01:19,30.0,2023-11-08 12:01:19,710.0,1220.0,2023-11-08 11:40:14
1699414815420,1.0,1346.0,2023-11-08 12:01:19,14.0,2023-11-08 12:01:19,720.0,843.0,2023-11-08 11:40:15
1699414816180,1.0,749.0,2023-11-08 12:01:19,50.0,2023-11-08 12:01:19,760.0,1003.0,2023-11-08 11:40:16
1699414816510,1.0,452.0,2023-11-08 12:01:19,60.0,2023-11-08 12:01:19,330.0,2336.0,2023-11-08 11:40:16
1699414817060,1.0,1366.0,2023-11-08 12:01:19,32.0,2023-11-08 12:01:19,550.0,2554.0,2023-11-08 11:40:17
1699414817870,1.0,2826.0,2023-11-08 12:01:19,18.0,2023-11-08 12:01:19,810.0,1455.0,2023-11-08 11:40:17
1699414818590,1.0,1264.0,2023-11-08 12:01:19,14.0,2023-11-08 12:01:19,720.0,1055.0,2023-11-08 11:40:18
1699414819200,1.0,761.0,2023-11-08 12:01:19,6.0,2023-11-08 12:01:19,610.0,664.0,2023-11-08 11:40:19
1699414819900,1.0,780.0,2023-11-08 12:01:19,4.0,2023-11-08 12:01:19,700.0,1724.0,2023-11-08 11:40:19
1699414820690,1.0,789.0,2023-11-08 12:01:19,92.0,2023-11-08 12:01:19,790.0,2714.0,2023-11-08 11:40:20
1699414821430,1.0,1819.0,2023-11-08 12:01:19,16.0,2023-11-08 12:01:19,740.0,2716.0,2023-11-08 11:40:21
1699414822190,1.0,2417.0,2023-11-08 12:01:19,6.0,2023-11-08 12:01:19,760.0,1570.0,2023-11-08 11:40:22
1699414822940,1.0,484.0,2023-11-08 12:01:19,12.0,2023-11-08 12:01:19,750.0,1705.0,2023-11-08 11:40:22
1699414823610,1.0,1600.0,2023-11-08 12:01:19,12.0,2023-11-08 12:01:19,670.0,1267.0,2023-11-08 11:40:23
1699414824300,1.0,817.0,2023-11-08 12:01:19,6.0,2023-11-08 12:01:19,690.0,1023.0,2023-11-08 11:40:24
1699414825080,1.0,827.0,2023-11-08 12:01:19,14.0,2023-11-08 12:01:19,780.0,1077.0,2023-11-08 11:40:25
1699414825820,1.0,1012.0,2023-11-08 12:01:19,38.0,2023-11-08 12:01:19,740.0,1324.0,2023-11-08 11:40:25
1699414826520,1.0,720.0,2023-11-08 12:01:19,18.0,2023-11-08 12:01:19,700.0,3527.0,2023-11-08 11:40:26
1699414827250,1.0,1175.0,2023-11-08 12:01:19,18.0,2023-11-08 12:01:19,730.0,2703.0,2023-11-08 11:40:27
1699414827940,1.0,721.0,2023-11-08 12:01:19,6.0,2023-11-08 12:01:19,690.0,872.0,2023-11-08 11:40:27
1699414828670,1.0,478.0,2023-11-08 12:01:19,32.0,2023-11-08 12:01:19,730.0,1259.0,2023-11-08 11:40:28
1699414830800,1.0,327.0,2023-11-08 12:01:19,16.0,2023-11-08 12:01:19,260.0,1040.0,2023-11-08 11:40:30
1699414831410,1.0,1031.0,2023-11-08 12:01:19,6.0,2023-11-08 12:01:19,610.0,2331.0,2023-11-08 11:40:31
1699414832320,1.0,651.0,2023-11-08 12:01:19,30.0,2023-11-08 12:01:19,910.0,544.0,2023-11-08 11:40:32
1699414832800,1.0,279.0,2023-11-08 12:01:19,10.0,2023-11-08 12:01:19,480.0,675.0,2023-11-08 11:40:32
1699414833550,1.0,842.0,2023-11-08 12:01:19,46.0,2023-11-08 12:01:19,750.0,1319.0,2023-11-08 11:40:33
1699414834310,1.0,4203.0,2023-11-08 12:01:19,22.0,2023-11-08 12:01:19,760.0,1458.0,2023-11-08 11:40:34
1699414835050,1.0,4654.0,2023-11-08 12:01:19,8.0,2023-11-08 12:01:19,740.0,1839.0,2023-11-08 11:40:35
1699414835680,1.0,266.0,2023-11-08 12:01:19,30.0,2023-11-08 12:01:19,630.0,1374.0,2023-11-08 11:40:35
1699414836400,1.0,2479.0,2023-11-08 12:01:19,12.0,2023-11-08 12:01:19,720.0,1434.0,2023-11-08 11:40:36
1699414837120,1.0,470.0,2023-11-08 12:01:19,8.0,2023-11-08 12:01:19,720.0,1399.0,2023-11-08 11:40:37
1699414838300,1.0,2771.0,2023-11-08 12:01:19,196.0,2023-11-08 12:01:19,1180.0,3519.0,2023-11-08 11:40:38
1699414839330,1.0,6455.0,2023-11-08 12:01:19,8.0,2023-11-08 12:01:19,1030.0,2972.0,2023-11-08 11:40:39
1699414840450,1.0,392.0,2023-11-08 12:01:19,10.0,2023-11-08 12:01:19,1120.0,888.0,2023-11-08 11:40:40
1699414841100,1.0,524.0,2023-11-08 12:01:19,8.0,2023-11-08 12:01:19,650.0,769.0,2023-11-08 11:40:41
1699414841740,1.0,483.0,2023-11-08 12:01:19,0.0,2023-11-08 12:01:19,640.0,860.0,2023-11-08 11:40:41
1699414842410,1.0,568.0,2023-11-08 12:01:19,2.0,2023-11-08 12:01:19,670.0,862.0,2023-11-08 11:40:42
1699414843080,1.0,705.0,2023-11-08 12:01:19,10.0,2023-11-08 12:01:19,670.0,880.0,2023-11-08 11:40:43
1699414843790,1.0,700.0,2023-11-08 12:01:19,0.0,2023-11-08 12:01:19,710.0,1619.0,2023-11-08 11:40:43
1699414844520,1.0,1614.0,2023-11-08 12:01:19,10.0,2023-11-08 12:01:19,730.0,511.0,2023-11-08 11:40:44
1699414844870,1.0,246.0,2023-11-08 12:01:19,6.0,2023-11-08 12:01:19,350.0,935.0,2023-11-08 11:40:44
1699414845400,1.0,1045.0,2023-11-08 12:01:19,12.0,2023-11-08 12:01:19,530.0,655.0,2023-11-08 11:40:45
1699414846170,1.0,361.0,2023-11-08 12:01:19,4.0,2023-11-08 12:01:19,310.0,1118.0,2023-11-08 11:40:46
1699414846980,1.0,636.0,2023-11-08 12:01:19,96.0,2023-11-08 12:01:19,810.0,550.0,2023-11-08 11:40:46
1699414847780,1.0,1391.0,2023-11-08 12:01:19,20.0,2023-11-08 12:01:19,800.0,10871.0,2023-11-08 11:40:47
1699414848540,1.0,15297.0,2023-11-08 12:01:19,12.0,2023-11-08 12:01:19,760.0,16815.0,2023-11-08 11:40:48
1699414851300,1.0,8559.0,2023-11-08 12:01:19,14.0,2023-11-08 12:01:19,2760.0,987.0,2023-11-08 11:40:51
1699414852030,1.0,433.0,2023-11-08 12:01:19,12.0,2023-11-08 12:01:19,730.0,890.0,2023-11-08 11:40:52
1699414852730,1.0,390.0,2023-11-08 12:01:19,4.0,2023-11-08 12:01:19,700.0,637.0,2023-11-08 11:40:52
1699414853430,1.0,701.0,2023-11-08 12:01:19,12.0,2023-11-08 12:01:19,700.0,674.0,2023-11-08 11:40:53
1699414854160,1.0,673.0,2023-11-08 12:01:19,6.0,2023-11-08 12:01:19,730.0,1008.0,2023-11-08 11:40:54
1699414854940,1.0,667.0,2023-11-08 12:01:19,16.0,2023-11-08 12:01:19,780.0,2354.0,2023-11-08 11:40:54
1699414855790,1.0,1059.0,2023-11-08 12:01:19,194.0,2023-11-08 12:01:19,850.0,1165.0,2023-11-08 11:40:55
1699414856490,1.0,1906.0,2023-11-08 12:01:19,8.0,2023-11-08 12:01:19,700.0,1574.0,2023-11-08 11:40:56
1699414857340,1.0,549.0,2023-11-08 12:01:19,16.0,2023-11-08 12:01:19,850.0,881.0,2023-11-08 11:40:57
1699414858210,1.0,809.0,2023-11-08 12:01:19,8.0,2023-11-08 12:01:19,870.0,788.0,2023-11-08 11:40:58
1699414859010,1.0,1403.0,2023-11-08 12:01:19,10.0,2023-11-08 12:01:19,800.0,869.0,2023-11-08 11:40:59
1699414860130,1.0,1282.0,2023-11-08 12:01:19,22.0,2023-11-08 12:01:19,1120.0,1807.0,2023-11-08 11:41:00
1699414861240,1.0,3625.0,2023-11-08 12:01:19,16.0,2023-11-08 12:01:19,1110.0,2163.0,2023-11-08 11:41:01
1699414862100,1.0,907.0,2023-11-08 12:01:19,22.0,2023-11-08 12:01:19,860.0,1053.0,2023-11-08 11:41:02
1699414862810,1.0,788.0,2023-11-08 12:01:19,4.0,2023-11-08 12:01:19,710.0,1416.0,2023-11-08 11:41:02
1699414863540,1.0,492.0,2023-11-08 12:01:19,26.0,2023-11-08 12:01:19,730.0,1337.0,2023-11-08 11:41:03
1699414864230,1.0,588.0,2023-11-08 12:01:19,56.0,2023-11-08 12:01:19,690.0,262.0,2023-11-08 11:41:04
1699414864910,1.0,629.0,2023-11-08 12:01:19,10.0,2023-11-08 12:01:19,680.0,849.0,2023-11-08 11:41:04
1699414865580,1.0,686.0,2023-11-08 12:01:19,6.0,2023-11-08 12:01:19,670.0,764.0,2023-11-08 11:41:05
1699414866360,1.0,673.0,2023-11-08 12:01:19,2.0,2023-11-08 12:01:19,780.0,1310.0,2023-11-08 11:41:06
1699414867350,1.0,2893.0,2023-11-08 12:01:19,78.0,2023-11-08 12:01:19,990.0,6479.0,2023-11-08 11:41:07
1699414868120,1.0,11469.0,2023-11-08 12:01:19,30.0,2023-11-08 12:01:19,770.0,11926.0,2023-11-08 11:41:08
1699414870170,1.0,2727.0,2023-11-08 12:01:19,52.0,2023-11-08 12:01:19,2050.0,1290.0,2023-11-08 11:41:10
1699414871200,1.0,13973.0,2023-11-08 12:01:19,20.0,2023-11-08 12:01:19,1030.0,2854.0,2023-11-08 11:41:11
1699414872280,1.0,10617.0,2023-11-08 12:01:19,8.0,2023-11-08 12:01:19,1080.0,8198.0,2023-11-08 11:41:12
1699414873650,1.0,2476.0,2023-11-08 12:01:19,8.0,2023-11-08 12:01:19,1370.0,2060.0,2023-11-08 11:41:13
1699414874310,1.0,474.0,2023-11-08 12:01:19,4.0,2023-11-08 12:01:19,660.0,1217.0,2023-11-08 11:41:14
1699414875090,1.0,344.0,2023-11-08 12:01:19,8.0,2023-11-08 12:01:19,780.0,438.0,2023-11-08 11:41:15
1699414875840,1.0,450.0,2023-11-08 12:01:19,0.0,2023-11-08 12:01:19,750.0,526.0,2023-11-08 11:41:15
1699414876570,1.0,435.0,2023-11-08 12:01:19,12.0,2023-11-08 12:01:19,730.0,675.0,2023-11-08 11:41:16
1699414877240,1.0,389.0,2023-11-08 12:01:19,106.0,2023-11-08 12:01:19,670.0,1019.0,2023-11-08 11:41:17
1699414877860,1.0,1621.0,2023-11-08 12:01:19,410.0,2023-11-08 12:01:19,620.0,15579.0,2023-11-08 11:41:17
1699414878750,1.0,59889.0,2023-11-08 12:01:19,792.0,2023-11-08 12:01:19,890.0,48124.0,2023-11-08 11:41:18
1699414880580,1.0,23198.0,2023-11-08 12:01:19,304.0,2023-11-08 12:01:19,1830.0,9069.0,2023-11-08 11:41:20
1699414881710,1.0,15007.0,2023-11-08 12:01:19,92.0,2023-11-08 12:01:19,1130.0,28301.0,2023-11-08 11:41:21
1699414882540,1.0,23500.0,2023-11-08 12:01:19,842.0,2023-11-08 12:01:19,830.0,27297.0,2023-11-08 11:41:22
1699414883280,1.0,50039.0,2023-11-08 12:01:19,132.0,2023-11-08 12:01:19,740.0,12145.0,2023-11-08 11:41:23
1699414883670,1.0,4372.0,2023-11-08 12:01:19,376.0,2023-11-08 12:01:19,390.0,54493.0,2023-11-08 11:41:23
1699414884860,1.0,40922.0,2023-11-08 12:01:19,184.0,2023-11-08 12:01:19,1190.0,16781.0,2023-11-08 11:41:24
1699414885530,1.0,1840.0,2023-11-08 12:01:19,188.0,2023-11-08 12:01:19,670.0,19056.0,2023-11-08 11:41:25
1699414886390,1.0,48422.0,2023-11-08 12:01:19,142.0,2023-11-08 12:01:19,860.0,34638.0,2023-11-08 11:41:26
1699414887040,1.0,3629.0,2023-11-08 12:01:19,66.0,2023-11-08 12:01:19,650.0,6328.0,2023-11-08 11:41:27
1699414887650,1.0,33575.0,2023-11-08 12:01:19,112.0,2023-11-08 12:01:19,610.0,6024.0,2023-11-08 11:41:27
1699414887950,1.0,5714.0,2023-11-08 12:01:19,624.0,2023-11-08 12:01:19,300.0,203863.0,2023-11-08 11:41:27
1699414893980,1.0,3061.0,2023-11-08 12:01:19,28.0,2023-11-08 12:01:19,970.0,1227.0,2023-11-08 11:41:33
1699414894450,1.0,285.0,2023-11-08 12:01:19,24.0,2023-11-08 12:01:19,470.0,1258.0,2023-11-08 11:41:34
1699414895160,1.0,3252.0,2023-11-08 12:01:19,10.0,2023-11-08 12:01:19,710.0,1687.0,2023-11-08 11:41:35
1699414895840,1.0,1029.0,2023-11-08 12:01:19,36.0,2023-11-08 12:01:19,680.0,3058.0,2023-11-08 11:41:35
1699414896490,1.0,4148.0,2023-11-08 12:01:19,54.0,2023-11-08 12:01:19,650.0,3170.0,2023-11-08 11:41:36
1699414897230,1.0,448.0,2023-11-08 12:01:19,58.0,2023-11-08 12:01:19,740.0,619.0,2023-11-08 11:41:37
1699414897850,1.0,905.0,2023-11-08 12:01:19,48.0,2023-11-08 12:01:19,620.0,656.0,2023-11-08 11:41:37
1699414898430,1.0,1855.0,2023-11-08 12:01:19,210.0,2023-11-08 12:01:19,580.0,6133.0,2023-11-08 11:41:38
1699414899210,1.0,14177.0,2023-11-08 12:01:19,38.0,2023-11-08 12:01:19,780.0,24671.0,2023-11-08 11:41:39
1699414900040,1.0,31994.0,2023-11-08 12:01:19,698.0,2023-11-08 12:01:19,830.0,10239.0,2023-11-08 11:41:40
1699414900380,1.0,1244.0,2023-11-08 12:01:19,464.0,2023-11-08 12:01:19,340.0,28267.0,2023-11-08 11:41:40
1699414901100,1.0,25580.0,2023-11-08 12:01:19,310.0,2023-11-08 12:01:19,720.0,58344.0,2023-11-08 11:41:41
1699414902170,1.0,37294.0,2023-11-08 12:01:19,144.0,2023-11-08 12:01:19,1070.0,23094.0,2023-11-08 11:41:42
1699414903740,1.0,6146.0,2023-11-08 12:01:19,72.0,2023-11-08 12:01:19,1570.0,7953.0,2023-11-08 11:41:43
1699414904820,1.0,11669.0,2023-11-08 12:01:19,12.0,2023-11-08 12:01:19,1080.0,6524.0,2023-11-08 11:41:44
1699414906740,1.0,18346.0,2023-11-08 12:01:19,10.0,2023-11-08 12:01:19,1920.0,1027.0,2023-11-08 11:41:46
1699414907380,1.0,390.0,2023-11-08 12:01:19,6.0,2023-11-08 12:01:19,640.0,1133.0,2023-11-08 11:41:47
1699414908090,1.0,1040.0,2023-11-08 12:01:19,14.0,2023-11-08 12:01:19,710.0,1940.0,2023-11-08 11:41:48
1699414908830,1.0,1050.0,2023-11-08 12:01:19,62.0,2023-11-08 12:01:19,740.0,5139.0,2023-11-08 11:41:48
1699414909650,1.0,7669.0,2023-11-08 12:01:19,26.0,2023-11-08 12:01:19,820.0,10041.0,2023-11-08 11:41:49
1699414910930,1.0,1891.0,2023-11-08 12:01:19,4.0,2023-11-08 12:01:19,1280.0,1095.0,2023-11-08 11:41:50
1699414911610,1.0,1932.0,2023-11-08 12:01:19,4.0,2023-11-08 12:01:19,680.0,3880.0,2023-11-08 11:41:51
1699414913520,1.0,2752.0,2023-11-08 12:01:19,18.0,2023-11-08 12:01:19,1910.0,2375.0,2023-11-08 11:41:53
1699414914470,1.0,606.0,2023-11-08 12:01:19,14.0,2023-11-08 12:01:19,950.0,195.0,2023-11-08 11:41:54
1699414914750,1.0,190.0,2023-11-08 12:01:19,8.0,2023-11-08 12:01:19,280.0,341.0,2023-11-08 11:41:54
1699414915410,1.0,1300.0,2023-11-08 12:01:19,40.0,2023-11-08 12:01:19,660.0,460.0,2023-11-08 11:41:55
1699414915840,1.0,828.0,2023-11-08 12:01:19,50.0,2023-11-08 12:01:19,430.0,5417.0,2023-11-08 11:41:55
1699414917270,1.0,17408.0,2023-11-08 12:01:19,142.0,2023-11-08 12:01:19,1430.0,27351.0,2023-11-08 11:41:57
1699414919930,1.0,28812.0,2023-11-08 12:01:19,56.0,2023-11-08 12:01:19,2660.0,9253.0,2023-11-08 11:41:59
1699414921260,1.0,5087.0,2023-11-08 12:01:19,74.0,2023-11-08 12:01:19,1330.0,1993.0,2023-11-08 11:42:01
1699414921740,1.0,2955.0,2023-11-08 12:01:19,90.0,2023-11-08 12:01:19,480.0,4892.0,2023-11-08 11:42:01
1699414922570,1.0,7994.0,2023-11-08 12:01:19,104.0,2023-11-08 12:01:19,830.0,30046.0,2023-11-08 11:42:02
1699414924110,1.0,16260.0,2023-11-08 12:01:19,40.0,2023-11-08 12:01:19,1540.0,10392.0,2023-11-08 11:42:04
1699414925170,1.0,1681.0,2023-11-08 12:01:19,68.0,2023-11-08 12:01:19,1060.0,15750.0,2023-11-08 11:42:05
1699414926570,1.0,18526.0,2023-11-08 12:01:19,44.0,2023-11-08 12:01:19,1400.0,21774.0,2023-11-08 11:42:06
1699414927900,1.0,5638.0,2023-11-08 12:01:19,90.0,2023-11-08 12:01:19,1330.0,8363.0,2023-11-08 11:42:07
1699414928870,1.0,13346.0,2023-11-08 12:01:19,84.0,2023-11-08 12:01:19,970.0,8282.0,2023-11-08 11:42:08
1699414929880,1.0,10591.0,2023-11-08 12:01:19,12.0,2023-11-08 12:01:19,1010.0,15518.0,2023-11-08 11:42:09
1699414931640,1.0,2631.0,2023-11-08 12:01:19,14.0,2023-11-08 12:01:19,1760.0,1419.0,2023-11-08 11:42:11
1699414932330,1.0,1837.0,2023-11-08 12:01:19,152.0,2023-11-08 12:01:19,690.0,505.0,2023-11-08 11:42:12
1699414933000,1.0,1644.0,2023-11-08 12:01:19,72.0,2023-11-08 12:01:19,670.0,660.0,2023-11-08 11:42:13
1699414933500,1.0,2854.0,2023-11-08 12:01:19,40.0,2023-11-08 12:01:19,500.0,13600.0,2023-11-08 11:42:13
1699414934970,1.0,7948.0,2023-11-08 12:01:19,128.0,2023-11-08 12:01:19,1470.0,67420.0,2023-11-08 11:42:14
1699414937380,1.0,11870.0,2023-11-08 12:01:19,28.0,2023-11-08 12:01:19,2410.0,24128.0,2023-11-08 11:42:17
1699414939760,1.0,1344.0,2023-11-08 12:01:19,50.0,2023-11-08 12:01:19,2380.0,2348.0,2023-11-08 11:42:19
1699414940350,1.0,10004.0,2023-11-08 12:01:19,44.0,2023-11-08 12:01:19,590.0,11404.0,2023-11-08 11:42:20
1699414941740,1.0,11358.0,2023-11-08 12:01:19,62.0,2023-11-08 12:01:19,1390.0,5933.0,2023-11-08 11:42:21
1699414942420,1.0,2982.0,2023-11-08 12:01:19,36.0,2023-11-08 12:01:19,680.0,6431.0,2023-11-08 11:42:22
1699414943350,1.0,2399.0,2023-11-08 12:01:19,28.0,2023-11-08 12:01:19,930.0,577.0,2023-11-08 11:42:23
1699414943710,1.0,2330.0,2023-11-08 12:01:19,54.0,2023-11-08 12:01:19,360.0,2348.0,2023-11-08 11:42:23
1699414944070,1.0,267.0,2023-11-08 12:01:19,110.0,2023-11-08 12:01:19,360.0,918.0,2023-11-08 11:42:24
1699414944480,1.0,2004.0,2023-11-08 12:01:19,12.0,2023-11-08 12:01:19,410.0,2685.0,2023-11-08 11:42:24
1699414945050,1.0,4593.0,2023-11-08 12:01:19,136.0,2023-11-08 12:01:19,570.0,15370.0,2023-11-08 11:42:25
1699414946500,1.0,7201.0,2023-11-08 12:01:19,38.0,2023-11-08 12:01:19,1450.0,28462.0,2023-11-08 11:42:26
1699414948260,1.0,28925.0,2023-11-08 12:01:19,12.0,2023-11-08 12:01:19,1760.0,7498.0,2023-11-08 11:42:28
1699414949300,1.0,818.0,2023-11-08 12:01:19,14.0,2023-11-08 12:01:19,1040.0,249.0,2023-11-08 11:42:29
1699414949610,1.0,710.0,2023-11-08 12:01:19,6.0,2023-11-08 12:01:19,310.0,836.0,2023-11-08 11:42:29
1699414952670,1.0,8017.0,2023-11-08 12:01:19,30.0,2023-11-08 12:01:19,940.0,1687.0,2023-11-08 11:42:32
1699414953110,1.0,278.0,2023-11-08 12:01:19,40.0,2023-11-08 12:01:19,440.0,5684.0,2023-11-08 11:42:33
1699414954570,1.0,12674.0,2023-11-08 12:01:19,36.0,2023-11-08 12:01:19,1460.0,2529.0,2023-11-08 11:42:34
1699414955230,1.0,964.0,2023-11-08 12:01:19,12.0,2023-11-08 12:01:19,660.0,1395.0,2023-11-08 11:42:35
1699414955920,1.0,2644.0,2023-11-08 12:01:19,8.0,2023-11-08 12:01:19,690.0,3205.0,2023-11-08 11:42:35
1699414956690,1.0,976.0,2023-11-08 12:01:19,26.0,2023-11-08 12:01:19,770.0,2452.0,2023-11-08 11:42:36
1699414957300,1.0,3043.0,2023-11-08 12:01:19,28.0,2023-11-08 12:01:19,610.0,3280.0,2023-11-08 11:42:37
1699414957940,1.0,1807.0,2023-11-08 12:01:19,38.0,2023-11-08 12:01:19,640.0,6788.0,2023-11-08 11:42:37
1699414958730,1.0,10069.0,2023-11-08 12:01:19,14.0,2023-11-08 12:01:19,790.0,6368.0,2023-11-08 11:42:38
1699414959810,1.0,953.0,2023-11-08 12:01:19,32.0,2023-11-08 12:01:19,1080.0,7899.0,2023-11-08 11:42:39
1699414961020,1.0,5962.0,2023-11-08 12:01:19,22.0,2023-11-08 12:01:19,1210.0,1900.0,2023-11-08 11:42:41
1699414961430,1.0,252.0,2023-11-08 12:01:19,82.0,2023-11-08 12:01:19,410.0,5556.0,2023-11-08 11:42:41
1699414962210,1.0,9815.0,2023-11-08 12:01:19,8.0,2023-11-08 12:01:19,780.0,6070.0,2023-11-08 11:42:42
1699414963540,1.0,510.0,2023-11-08 12:01:19,32.0,2023-11-08 12:01:19,1330.0,989.0,2023-11-08 11:42:43
1699414964210,1.0,661.0,2023-11-08 12:01:19,28.0,2023-11-08 12:01:19,670.0,757.0,2023-11-08 11:42:44
1699414964940,1.0,773.0,2023-11-08 12:01:19,8.0,2023-11-08 12:01:19,730.0,1179.0,2023-11-08 11:42:44
1699414965760,1.0,1140.0,2023-11-08 12:01:19,248.0,2023-11-08 12:01:19,820.0,15333.0,2023-11-08 11:42:45
1699414966630,1.0,66058.0,2023-11-08 12:01:19,148.0,2023-11-08 12:01:19,870.0,29001.0,2023-11-08 11:42:46
1699414967670,1.0,24890.0,2023-11-08 12:01:19,112.0,2023-11-08 12:01:19,1040.0,14107.0,2023-11-08 11:42:47
1699414969190,1.0,26907.0,2023-11-08 12:01:19,236.0,2023-11-08 12:01:19,1520.0,93604.0,2023-11-08 11:42:49
1699414970130,1.0,156795.0,2023-11-08 12:01:19,446.0,2023-11-08 12:01:19,940.0,139192.0,2023-11-08 11:42:50
1699414971720,1.0,150598.0,2023-11-08 12:01:19,36.0,2023-11-08 12:01:19,1590.0,12854.0,2023-11-08 11:42:51
1699414972260,1.0,4256.0,2023-11-08 12:01:19,114.0,2023-11-08 12:01:19,540.0,5909.0,2023-11-08 11:42:52
1699414973070,1.0,3027.0,2023-11-08 12:01:19,320.0,2023-11-08 12:01:19,810.0,15260.0,2023-11-08 11:42:53
1699414974350,1.0,25405.0,2023-11-08 12:01:19,266.0,2023-11-08 12:01:19,1280.0,19670.0,2023-11-08 11:42:54
1699414975630,1.0,5774.0,2023-11-08 12:01:19,404.0,2023-11-08 12:01:19,1280.0,10000.0,2023-11-08 11:42:55
1699414976170,1.0,6342.0,2023-11-08 12:01:19,700.0,2023-11-08 12:01:19,540.0,6716.0,2023-11-08 11:42:56
1699414976760,1.0,4370.0,2023-11-08 12:01:19,1062.0,2023-11-08 12:01:19,590.0,24559.0,2023-11-08 11:42:56
1699414978370,1.0,88556.0,2023-11-08 12:01:19,326.0,2023-11-08 12:01:19,1610.0,21980.0,2023-11-08 11:42:58
1699414979190,1.0,32789.0,2023-11-08 12:01:19,370.0,2023-11-08 12:01:19,820.0,6226.0,2023-11-08 11:42:59
1699414979550,1.0,11099.0,2023-11-08 12:01:19,528.0,2023-11-08 12:01:19,360.0,8802.0,2023-11-08 11:42:59
1699414980100,1.0,23136.0,2023-11-08 12:01:19,666.0,2023-11-08 12:01:19,550.0,21755.0,2023-11-08 11:43:00
1699414981390,1.0,37000.0,2023-11-08 12:01:19,194.0,2023-11-08 12:01:19,1290.0,16216.0,2023-11-08 11:43:01
1699414982040,1.0,24668.0,2023-11-08 12:01:19,42.0,2023-11-08 12:01:19,650.0,45733.0,2023-11-08 11:43:02
1699414984190,1.0,12918.0,2023-11-08 12:01:19,38.0,2023-11-08 12:01:19,2150.0,1548.0,2023-11-08 11:43:04
1699414985100,1.0,20643.0,2023-11-08 12:01:19,46.0,2023-11-08 12:01:19,910.0,11208.0,2023-11-08 11:43:05
1699414986090,1.0,3420.0,2023-11-08 12:01:19,108.0,2023-11-08 12:01:19,990.0,7694.0,2023-11-08 11:43:06
1699414987240,1.0,31529.0,2023-11-08 12:01:19,136.0,2023-11-08 12:01:19,1150.0,38231.0,2023-11-08 11:43:07
1699414989460,1.0,33634.0,2023-11-08 12:01:19,34.0,2023-11-08 12:01:19,2220.0,5114.0,2023-11-08 11:43:09
1699414990250,1.0,1570.0,2023-11-08 12:01:19,68.0,2023-11-08 12:01:19,790.0,5473.0,2023-11-08 11:43:10
1699414991010,1.0,7051.0,2023-11-08 12:01:19,14.0,2023-11-08 12:01:19,760.0,12302.0,2023-11-08 11:43:11
1699414992480,1.0,1561.0,2023-11-08 12:01:19,16.0,2023-11-08 12:01:19,1470.0,2720.0,2023-11-08 11:43:12
1699414993130,1.0,2017.0,2023-11-08 12:01:19,76.0,2023-11-08 12:01:19,650.0,4848.0,2023-11-08 11:43:13
1699414994000,1.0,3972.0,2023-11-08 12:01:19,18.0,2023-11-08 12:01:19,870.0,1758.0,2023-11-08 11:43:14
1699414994610,1.0,413.0,2023-11-08 12:01:19,18.0,2023-11-08 12:01:19,610.0,2703.0,2023-11-08 11:43:14
1699414995400,1.0,2266.0,2023-11-08 12:01:19,82.0,2023-11-08 12:01:19,790.0,4444.0,2023-11-08 11:43:15
1699414996650,1.0,1167.0,2023-11-08 12:01:19,218.0,2023-11-08 12:01:19,1250.0,8168.0,2023-11-08 11:43:16
1699414997760,1.0,14214.0,2023-11-08 12:01:19,40.0,2023-11-08 12:01:19,1110.0,6033.0,2023-11-08 11:43:17
1699414998560,1.0,1763.0,2023-11-08 12:01:19,236.0,2023-11-08 12:01:19,800.0,5123.0,2023-11-08 11:43:18
1699414999220,1.0,12867.0,2023-11-08 12:01:19,90.0,2023-11-08 12:01:19,660.0,1980.0,2023-11-08 11:43:19
1699414999660,1.0,1561.0,2023-11-08 12:01:19,38.0,2023-11-08 12:01:19,440.0,1826.0,2023-11-08 11:43:19
1699415000190,1.0,711.0,2023-11-08 12:01:19,64.0,2023-11-08 12:01:19,530.0,1100.0,2023-11-08 11:43:20
1699415000720,1.0,803.0,2023-11-08 12:01:19,20.0,2023-11-08 12:01:19,530.0,731.0,2023-11-08 11:43:20
1699415001590,1.0,5337.0,2023-11-08 12:01:19,34.0,2023-11-08 12:01:19,870.0,3966.0,2023-11-08 11:43:21
1699415002370,1.0,5015.0,2023-11-08 12:01:19,28.0,2023-11-08 12:01:19,780.0,4139.0,2023-11-08 11:43:22
1699415003190,1.0,3674.0,2023-11-08 12:01:19,26.0,2023-11-08 12:01:19,820.0,4157.0,2023-11-08 11:43:23
1699415003820,1.0,3607.0,2023-11-08 12:01:19,158.0,2023-11-08 12:01:19,630.0,1679.0,2023-11-08 11:43:23
1699415004410,1.0,1841.0,2023-11-08 12:01:19,148.0,2023-11-08 12:01:19,590.0,18329.0,2023-11-08 11:43:24
1699415005340,1.0,7640.0,2023-11-08 12:01:19,142.0,2023-11-08 12:01:19,930.0,4957.0,2023-11-08 11:43:25
1699415005930,1.0,3400.0,2023-11-08 12:01:19,14.0,2023-11-08 12:01:19,590.0,3784.0,2023-11-08 11:43:25
1699415006620,1.0,373.0,2023-11-08 12:01:19,240.0,2023-11-08 12:01:19,690.0,27524.0,2023-11-08 11:43:26
1699415008020,1.0,62449.0,2023-11-08 12:01:19,388.0,2023-11-08 12:01:19,1400.0,37706.0,2023-11-08 11:43:28
1699415009260,1.0,10154.0,2023-11-08 12:01:19,446.0,2023-11-08 12:01:19,1240.0,14155.0,2023-11-08 11:43:29
1699415012460,1.0,121875.0,2023-11-08 12:01:19,452.0,2023-11-08 12:01:19,980.0,56254.0,2023-11-08 11:43:32
1699415012830,1.0,42966.0,2023-11-08 12:01:19,586.0,2023-11-08 12:01:19,370.0,156223.0,2023-11-08 11:43:32
1699415013700,1.0,21909.0,2023-11-08 12:01:19,602.0,2023-11-08 12:01:19,870.0,38753.0,2023-11-08 11:43:33
1699415014600,1.0,75303.0,2023-11-08 12:01:19,1000.0,2023-11-08 12:01:19,900.0,2522.0,2023-11-08 11:43:34
1699415015060,1.0,7496.0,2023-11-08 12:01:19,822.0,2023-11-08 12:01:19,460.0,9195.0,2023-11-08 11:43:35
1699415015850,1.0,809.0,2023-11-08 12:01:19,86.0,2023-11-08 12:01:19,790.0,2025.0,2023-11-08 11:43:35
1699415016290,1.0,3323.0,2023-11-08 12:01:19,234.0,2023-11-08 12:01:19,440.0,5162.0,2023-11-08 11:43:36
1699415016790,1.0,8731.0,2023-11-08 12:01:19,70.0,2023-11-08 12:01:19,500.0,10713.0,2023-11-08 11:43:36
1699415017730,1.0,6525.0,2023-11-08 12:01:19,34.0,2023-11-08 12:01:19,940.0,4178.0,2023-11-08 11:43:37
1699415019050,1.0,3878.0,2023-11-08 12:01:19,68.0,2023-11-08 12:01:19,1320.0,3962.0,2023-11-08 11:43:39
1699415020090,1.0,7629.0,2023-11-08 12:01:19,216.0,2023-11-08 12:01:19,1040.0,1525.0,2023-11-08 11:43:40
1699415020690,1.0,329.0,2023-11-08 12:01:19,428.0,2023-11-08 12:01:19,600.0,2033.0,2023-11-08 11:43:40
1699415021150,1.0,2552.0,2023-11-08 12:01:19,292.0,2023-11-08 12:01:19,460.0,17235.0,2023-11-08 11:43:41
1699415021780,1.0,52764.0,2023-11-08 12:01:19,122.0,2023-11-08 12:01:19,630.0,65791.0,2023-11-08 11:43:41
1699415024780,1.0,17159.0,2023-11-08 12:01:19,474.0,2023-11-08 12:01:19,3000.0,22804.0,2023-11-08 11:43:44
1699415026360,1.0,70672.0,2023-11-08 12:01:19,1110.0,2023-11-08 12:01:19,1580.0,19954.0,2023-11-08 11:43:46
1699415027160,1.0,31984.0,2023-11-08 12:01:19,82.0,2023-11-08 12:01:19,800.0,26097.0,2023-11-08 11:43:47
1699415028570,1.0,24291.0,2023-11-08 12:01:19,388.0,2023-11-08 12:01:19,1410.0,16774.0,2023-11-08 11:43:48
1699415029140,1.0,16686.0,2023-11-08 12:01:19,876.0,2023-11-08 12:01:19,570.0,4563.0,2023-11-08 11:43:49
1699415029630,1.0,16315.0,2023-11-08 12:01:19,256.0,2023-11-08 12:01:19,490.0,8675.0,2023-11-08 11:43:49
1699415029890,1.0,509.0,2023-11-08 12:01:19,952.0,2023-11-08 12:01:19,260.0,3624.0,2023-11-08 11:43:49
1699415030740,1.0,20685.0,2023-11-08 12:01:19,512.0,2023-11-08 12:01:19,850.0,39291.0,2023-11-08 11:43:50
1699415031520,1.0,49322.0,2023-11-08 12:01:19,204.0,2023-11-08 12:01:19,780.0,30541.0,2023-11-08 11:43:51
1699415032230,1.0,69566.0,2023-11-08 12:01:19,86.0,2023-11-08 12:01:19,710.0,92811.0,2023-11-08 11:43:52
1699415033810,1.0,99433.0,2023-11-08 12:01:19,150.0,2023-11-08 12:01:19,1580.0,64134.0,2023-11-08 11:43:53
1699415034750,1.0,21422.0,2023-11-08 12:01:19,86.0,2023-11-08 12:01:19,940.0,19858.0,2023-11-08 11:43:54
1699415036020,1.0,13212.0,2023-11-08 12:01:19,340.0,2023-11-08 12:01:19,1270.0,14993.0,2023-11-08 11:43:56
1699415036390,1.0,5391.0,2023-11-08 12:01:19,136.0,2023-11-08 12:01:19,370.0,5635.0,2023-11-08 11:43:56
1699415036950,1.0,23727.0,2023-11-08 12:01:19,14.0,2023-11-08 12:01:19,560.0,17904.0,2023-11-08 11:43:56
1699415038520,1.0,5813.0,2023-11-08 12:01:19,12.0,2023-11-08 12:01:19,1570.0,1783.0,2023-11-08 11:43:58
1699415039110,1.0,5355.0,2023-11-08 12:01:19,12.0,2023-11-08 12:01:19,590.0,1467.0,2023-11-08 11:43:59
1699415039420,1.0,108.0,2023-11-08 12:01:19,4.0,2023-11-08 12:01:19,310.0,239.0,2023-11-08 11:43:59
1699415039790,1.0,362.0,2023-11-08 12:01:19,8.0,2023-11-08 12:01:19,370.0,911.0,2023-11-08 11:43:59
1699415040480,1.0,2525.0,2023-11-08 12:01:19,8.0,2023-11-08 12:01:19,690.0,1400.0,2023-11-08 11:44:00
1699415041150,1.0,1115.0,2023-11-08 12:01:19,4.0,2023-11-08 12:01:19,670.0,1713.0,2023-11-08 11:44:01
1699415041870,1.0,3578.0,2023-11-08 12:01:19,10.0,2023-11-08 12:01:19,720.0,3004.0,2023-11-08 11:44:01
1699415042610,1.0,1218.0,2023-11-08 12:01:19,6.0,2023-11-08 12:01:19,740.0,1070.0,2023-11-08 11:44:02
1699415042920,1.0,224.0,2023-11-08 12:01:19,2.0,2023-11-08 12:01:19,310.0,464.0,2023-11-08 11:44:02
1699415043380,1.0,878.0,2023-11-08 12:01:19,2.0,2023-11-08 12:01:19,460.0,1832.0,2023-11-08 11:44:03
1699415044180,1.0,896.0,2023-11-08 12:01:19,2.0,2023-11-08 12:01:19,800.0,2218.0,2023-11-08 11:44:04
1699415044960,1.0,2554.0,2023-11-08 12:01:19,8.0,2023-11-08 12:01:19,780.0,3092.0,2023-11-08 11:44:04
1699415045720,1.0,2103.0,2023-11-08 12:01:19,10.0,2023-11-08 12:01:19,760.0,1543.0,2023-11-08 11:44:05
1699415046500,1.0,935.0,2023-11-08 12:01:19,18.0,2023-11-08 12:01:19,780.0,4509.0,2023-11-08 11:44:06
1699415047260,1.0,957.0,2023-11-08 12:01:19,10.0,2023-11-08 12:01:19,760.0,457.0,2023-11-08 11:44:07
1699415047590,1.0,803.0,2023-11-08 12:01:19,2.0,2023-11-08 12:01:19,330.0,435.0,2023-11-08 11:44:07
1699415048020,1.0,618.0,2023-11-08 12:01:19,6.0,2023-11-08 12:01:19,430.0,1237.0,2023-11-08 11:44:08
1699415048790,1.0,971.0,2023-11-08 12:01:19,0.0,2023-11-08 12:01:19,770.0,1306.0,2023-11-08 11:44:08
1699415049530,1.0,1069.0,2023-11-08 12:01:19,10.0,2023-11-08 12:01:19,740.0,1126.0,2023-11-08 11:44:09
1699415050280,1.0,850.0,2023-11-08 12:01:19,4.0,2023-11-08 12:01:19,750.0,1693.0,2023-11-08 11:44:10
1699415051030,1.0,1205.0,2023-11-08 12:01:19,8.0,2023-11-08 12:01:19,750.0,1974.0,2023-11-08 11:44:11
1699415051790,1.0,1045.0,2023-11-08 12:01:19,6.0,2023-11-08 12:01:19,760.0,1473.0,2023-11-08 11:44:11
1699415052560,1.0,4217.0,2023-11-08 12:01:19,8.0,2023-11-08 12:01:19,770.0,969.0,2023-11-08 11:44:12
1699415053320,1.0,1247.0,2023-11-08 12:01:19,8.0,2023-11-08 12:01:19,760.0,1226.0,2023-11-08 11:44:13
1699415054090,1.0,1069.0,2023-11-08 12:01:19,10.0,2023-11-08 12:01:19,770.0,1353.0,2023-11-08 11:44:14
1699415054820,1.0,1110.0,2023-11-08 12:01:19,4.0,2023-11-08 12:01:19,730.0,519.0,2023-11-08 11:44:14
1699415055130,1.0,367.0,2023-11-08 12:01:19,6.0,2023-11-08 12:01:19,310.0,479.0,2023-11-08 11:44:15
1699415055560,1.0,627.0,2023-11-08 12:01:19,4.0,2023-11-08 12:01:19,430.0,1264.0,2023-11-08 11:44:15
1699415056280,1.0,1160.0,2023-11-08 12:01:19,6.0,2023-11-08 12:01:19,720.0,3959.0,2023-11-08 11:44:16
1699415057010,1.0,1792.0,2023-11-08 12:01:19,12.0,2023-11-08 12:01:19,730.0,4582.0,2023-11-08 11:44:17
1699415057680,1.0,1597.0,2023-11-08 12:01:19,14.0,2023-11-08 12:01:19,670.0,2238.0,2023-11-08 11:44:17
1699415058400,1.0,736.0,2023-11-08 12:01:19,14.0,2023-11-08 12:01:19,720.0,1215.0,2023-11-08 11:44:18
1699415059150,1.0,864.0,2023-11-08 12:01:19,4.0,2023-11-08 12:01:19,750.0,1334.0,2023-11-08 11:44:19
1699415059900,1.0,1431.0,2023-11-08 12:01:19,8.0,2023-11-08 12:01:19,750.0,1282.0,2023-11-08 11:44:19
1699415060410,1.0,939.0,2023-11-08 12:01:19,4.0,2023-11-08 12:01:19,510.0,439.0,2023-11-08 11:44:20
1699415061400,1.0,2317.0,2023-11-08 12:01:19,12.0,2023-11-08 12:01:19,990.0,1585.0,2023-11-08 11:44:21
1699415062100,1.0,823.0,2023-11-08 12:01:19,10.0,2023-11-08 12:01:19,700.0,1155.0,2023-11-08 11:44:22
1699415062780,1.0,677.0,2023-11-08 12:01:19,6.0,2023-11-08 12:01:19,680.0,2108.0,2023-11-08 11:44:22
1699415063460,1.0,1742.0,2023-11-08 12:01:19,6.0,2023-11-08 12:01:19,680.0,1650.0,2023-11-08 11:44:23
1699415064200,1.0,3085.0,2023-11-08 12:01:19,14.0,2023-11-08 12:01:19,740.0,10310.0,2023-11-08 11:44:24
1699415064910,1.0,5866.0,2023-11-08 12:01:19,10.0,2023-11-08 12:01:19,710.0,16253.0,2023-11-08 11:44:24
1699415065740,1.0,8339.0,2023-11-08 12:01:19,18.0,2023-11-08 12:01:19,830.0,9318.0,2023-11-08 11:44:25
1699415066740,1.0,7237.0,2023-11-08 12:01:19,30.0,2023-11-08 12:01:19,1000.0,11270.0,2023-11-08 11:44:26
1699415067440,1.0,9726.0,2023-11-08 12:01:19,10.0,2023-11-08 12:01:19,700.0,842.0,2023-11-08 11:44:27
1699415067790,1.0,964.0,2023-11-08 12:01:19,16.0,2023-11-08 12:01:19,350.0,7994.0,2023-11-08 11:44:27
1699415072140,1.0,2627.0,2023-11-08 12:01:19,86.0,2023-11-08 12:01:19,390.0,16997.0,2023-11-08 11:44:32
1699415073510,1.0,23930.0,2023-11-08 12:01:19,84.0,2023-11-08 12:01:19,1370.0,10250.0,2023-11-08 11:44:33
1699415074250,1.0,5033.0,2023-11-08 12:01:19,30.0,2023-11-08 12:01:19,740.0,1262.0,2023-11-08 11:44:34
1699415074980,1.0,2069.0,2023-11-08 12:01:19,26.0,2023-11-08 12:01:19,730.0,1276.0,2023-11-08 11:44:34
1699415075560,1.0,1459.0,2023-11-08 12:01:19,12.0,2023-11-08 12:01:19,580.0,2276.0,2023-11-08 11:44:35
1699415076150,1.0,3536.0,2023-11-08 12:01:19,24.0,2023-11-08 12:01:19,590.0,1350.0,2023-11-08 11:44:36
1699415076790,1.0,1122.0,2023-11-08 12:01:19,12.0,2023-11-08 12:01:19,640.0,1077.0,2023-11-08 11:44:36
1699415077460,1.0,3513.0,2023-11-08 12:01:19,12.0,2023-11-08 12:01:19,670.0,8239.0,2023-11-08 11:44:37
1699415078870,1.0,6723.0,2023-11-08 12:01:19,6.0,2023-11-08 12:01:19,1410.0,4482.0,2023-11-08 11:44:38
1699415079620,1.0,1107.0,2023-11-08 12:01:19,44.0,2023-11-08 12:01:19,750.0,3424.0,2023-11-08 11:44:39
1699415080340,1.0,2472.0,2023-11-08 12:01:19,76.0,2023-11-08 12:01:19,720.0,3471.0,2023-11-08 11:44:40
1699415081090,1.0,3178.0,2023-11-08 12:01:19,108.0,2023-11-08 12:01:19,750.0,3287.0,2023-11-08 11:44:41
1699415081700,1.0,2948.0,2023-11-08 12:01:19,124.0,2023-11-08 12:01:19,610.0,10661.0,2023-11-08 11:44:41
1699415082460,1.0,4205.0,2023-11-08 12:01:19,248.0,2023-11-08 12:01:19,760.0,2306.0,2023-11-08 11:44:42
1699415083020,1.0,14422.0,2023-11-08 12:01:19,422.0,2023-11-08 12:01:19,560.0,11865.0,2023-11-08 11:44:43
1699415083960,1.0,7227.0,2023-11-08 12:01:19,782.0,2023-11-08 12:01:19,940.0,44081.0,2023-11-08 11:44:43
1699415085860,1.0,159771.0,2023-11-08 12:01:19,200.0,2023-11-08 12:01:19,1900.0,26494.0,2023-11-08 11:44:45
1699415087170,1.0,8316.0,2023-11-08 12:01:19,144.0,2023-11-08 12:01:19,1310.0,558.0,2023-11-08 11:44:47
1699415087670,1.0,2122.0,2023-11-08 12:01:19,358.0,2023-11-08 12:01:19,500.0,37442.0,2023-11-08 11:44:47
1699415088680,1.0,55704.0,2023-11-08 12:01:19,326.0,2023-11-08 12:01:19,1010.0,42725.0,2023-11-08 11:44:48
1699415090400,1.0,99618.0,2023-11-08 12:01:19,864.0,2023-11-08 12:01:19,1720.0,19847.0,2023-11-08 11:44:50
1699415091600,1.0,22333.0,2023-11-08 12:01:19,400.0,2023-11-08 12:01:19,1200.0,14657.0,2023-11-08 11:44:51
1699415092390,1.0,19922.0,2023-11-08 12:01:19,592.0,2023-11-08 12:01:19,790.0,8376.0,2023-11-08 11:44:52
1699415093300,1.0,22289.0,2023-11-08 12:01:19,328.0,2023-11-08 12:01:19,910.0,6557.0,2023-11-08 11:44:53
1699415093760,1.0,7766.0,2023-11-08 12:01:19,434.0,2023-11-08 12:01:19,460.0,20778.0,2023-11-08 11:44:53
1699415095460,1.0,71974.0,2023-11-08 12:01:19,90.0,2023-11-08 12:01:19,1700.0,1434.0,2023-11-08 11:44:55
1699415095860,1.0,3120.0,2023-11-08 12:01:19,90.0,2023-11-08 12:01:19,400.0,2732.0,2023-11-08 11:44:55
1699415096320,1.0,1510.0,2023-11-08 12:01:19,92.0,2023-11-08 12:01:19,460.0,5337.0,2023-11-08 11:44:56
1699415096780,1.0,3584.0,2023-11-08 12:01:19,70.0,2023-11-08 12:01:19,460.0,3701.0,2023-11-08 11:44:56
1699415097470,1.0,9388.0,2023-11-08 12:01:19,120.0,2023-11-08 12:01:19,690.0,15744.0,2023-11-08 11:44:57
1699415098730,1.0,12427.0,2023-11-08 12:01:19,166.0,2023-11-08 12:01:19,1260.0,5812.0,2023-11-08 11:44:58
1699415099220,1.0,1734.0,2023-11-08 12:01:19,218.0,2023-11-08 12:01:19,490.0,2224.0,2023-11-08 11:44:59
1699415099600,1.0,8779.0,2023-11-08 12:01:19,216.0,2023-11-08 12:01:19,380.0,7341.0,2023-11-08 11:44:59
1699415100040,1.0,1628.0,2023-11-08 12:01:19,420.0,2023-11-08 12:01:19,440.0,917.0,2023-11-08 11:45:00
1699415100440,1.0,644.0,2023-11-08 12:01:19,330.0,2023-11-08 12:01:19,400.0,6834.0,2023-11-08 11:45:00
1699415100940,1.0,20106.0,2023-11-08 12:01:19,226.0,2023-11-08 12:01:19,500.0,8065.0,2023-11-08 11:45:00
1699415101470,1.0,17663.0,2023-11-08 12:01:19,326.0,2023-11-08 12:01:19,530.0,28055.0,2023-11-08 11:45:01
1699415102560,1.0,16336.0,2023-11-08 12:01:19,210.0,2023-11-08 12:01:19,1090.0,1048.0,2023-11-08 11:45:02
1699415102850,1.0,471.0,2023-11-08 12:01:19,54.0,2023-11-08 12:01:19,290.0,2089.0,2023-11-08 11:45:02
1699415103420,1.0,26697.0,2023-11-08 12:01:19,50.0,2023-11-08 12:01:19,570.0,10085.0,2023-11-08 11:45:03
1699415104000,1.0,8622.0,2023-11-08 12:01:19,364.0,2023-11-08 12:01:19,580.0,15830.0,2023-11-08 11:45:04
1699415104960,1.0,46126.0,2023-11-08 12:01:19,406.0,2023-11-08 12:01:19,960.0,80416.0,2023-11-08 11:45:04
1699415106160,1.0,23745.0,2023-11-08 12:01:19,420.0,2023-11-08 12:01:19,1200.0,11955.0,2023-11-08 11:45:06
1699415107020,1.0,24492.0,2023-11-08 12:01:19,440.0,2023-11-08 12:01:19,860.0,15386.0,2023-11-08 11:45:07
1699415107490,1.0,556.0,2023-11-08 12:01:19,218.0,2023-11-08 12:01:19,470.0,8497.0,2023-11-08 11:45:07
1699415108980,1.0,45725.0,2023-11-08 12:01:19,312.0,2023-11-08 12:01:19,1490.0,54574.0,2023-11-08 11:45:08
1699415109740,1.0,15583.0,2023-11-08 12:01:19,1568.0,2023-11-08 12:01:19,760.0,55459.0,2023-11-08 11:45:09
1699415110670,1.0,49139.0,2023-11-08 12:01:19,136.0,2023-11-08 12:01:19,930.0,13343.0,2023-11-08 11:45:10
1699415111290,1.0,5543.0,2023-11-08 12:01:19,636.0,2023-11-08 12:01:19,620.0,23925.0,2023-11-08 11:45:11
1699415112150,1.0,26005.0,2023-11-08 12:01:19,212.0,2023-11-08 12:01:19,860.0,12612.0,2023-11-08 11:45:12
1699415112820,1.0,34156.0,2023-11-08 12:01:19,288.0,2023-11-08 12:01:19,670.0,11745.0,2023-11-08 11:45:12
1699415113380,1.0,11444.0,2023-11-08 12:01:19,238.0,2023-11-08 12:01:19,560.0,13788.0,2023-11-08 11:45:13
1699415114970,1.0,22542.0,2023-11-08 12:01:19,30.0,2023-11-08 12:01:19,1590.0,9800.0,2023-11-08 11:45:14
1699415115970,1.0,628.0,2023-11-08 12:01:19,240.0,2023-11-08 12:01:19,1000.0,31280.0,2023-11-08 11:45:15
1699415117570,1.0,54925.0,2023-11-08 12:01:19,280.0,2023-11-08 12:01:19,1600.0,21952.0,2023-11-08 11:45:17
1699415119090,1.0,7554.0,2023-11-08 12:01:19,260.0,2023-11-08 12:01:19,1520.0,434.0,2023-11-08 11:45:19
1699415119740,1.0,1938.0,2023-11-08 12:01:19,106.0,2023-11-08 12:01:19,650.0,2176.0,2023-11-08 11:45:19
1699415120410,1.0,2779.0,2023-11-08 12:01:19,284.0,2023-11-08 12:01:19,670.0,356.0,2023-11-08 11:45:20
1699415121060,1.0,4057.0,2023-11-08 12:01:19,214.0,2023-11-08 12:01:19,650.0,6995.0,2023-11-08 11:45:21
1699415121730,1.0,2636.0,2023-11-08 12:01:19,102.0,2023-11-08 12:01:19,670.0,12726.0,2023-11-08 11:45:21
1699415123080,1.0,16894.0,2023-11-08 12:01:19,470.0,2023-11-08 12:01:19,1350.0,29960.0,2023-11-08 11:45:23
1699415123840,1.0,53609.0,2023-11-08 12:01:19,2908.0,2023-11-08 12:01:19,760.0,102310.0,2023-11-08 11:45:23
1699415126390,1.0,12315.0,2023-11-08 12:01:19,122.0,2023-11-08 12:01:19,900.0,10962.0,2023-11-08 11:45:26
1699415127000,1.0,9771.0,2023-11-08 12:01:19,336.0,2023-11-08 12:01:19,610.0,6140.0,2023-11-08 11:45:27
1699415127330,1.0,2212.0,2023-11-08 12:01:19,1906.0,2023-11-08 12:01:19,330.0,3185.0,2023-11-08 11:45:27
1699415128420,1.0,56910.0,2023-11-08 12:01:19,234.0,2023-11-08 12:01:19,1090.0,78094.0,2023-11-08 11:45:28
1699415130170,1.0,42059.0,2023-11-08 12:01:19,1814.0,2023-11-08 12:01:19,1750.0,8611.0,2023-11-08 11:45:30
1699415131830,1.0,36851.0,2023-11-08 12:01:19,1362.0,2023-11-08 12:01:19,530.0,9387.0,2023-11-08 11:45:31
1699415132250,1.0,5323.0,2023-11-08 12:01:19,766.0,2023-11-08 12:01:19,420.0,9432.0,2023-11-08 11:45:32
1699415133110,1.0,68975.0,2023-11-08 12:01:19,496.0,2023-11-08 12:01:19,860.0,17642.0,2023-11-08 11:45:33
1699415133630,1.0,7885.0,2023-11-08 12:01:19,750.0,2023-11-08 12:01:19,520.0,6208.0,2023-11-08 11:45:33
1699415134110,1.0,18039.0,2023-11-08 12:01:19,556.0,2023-11-08 12:01:19,480.0,11740.0,2023-11-08 11:45:34
1699415135050,1.0,18213.0,2023-11-08 12:01:19,406.0,2023-11-08 12:01:19,940.0,44117.0,2023-11-08 11:45:35
1699415136400,1.0,55501.0,2023-11-08 12:01:19,306.0,2023-11-08 12:01:19,1350.0,19196.0,2023-11-08 11:45:36
1699415137200,1.0,16014.0,2023-11-08 12:01:19,110.0,2023-11-08 12:01:19,800.0,8754.0,2023-11-08 11:45:37
1699415137820,1.0,3138.0,2023-11-08 12:01:19,600.0,2023-11-08 12:01:19,620.0,1706.0,2023-11-08 11:45:37
1699415138350,1.0,9099.0,2023-11-08 12:01:19,734.0,2023-11-08 12:01:19,530.0,4520.0,2023-11-08 11:45:38
1699415138690,1.0,3179.0,2023-11-08 12:01:19,442.0,2023-11-08 12:01:19,340.0,12688.0,2023-11-08 11:45:38
1699415139230,1.0,19523.0,2023-11-08 12:01:19,590.0,2023-11-08 12:01:19,540.0,194.0,2023-11-08 11:45:39
1699415139850,1.0,30999.0,2023-11-08 12:01:19,1172.0,2023-11-08 12:01:19,620.0,31524.0,2023-11-08 11:45:39
1699415140470,1.0,29543.0,2023-11-08 12:01:19,340.0,2023-11-08 12:01:19,620.0,136501.0,2023-11-08 11:45:40
1699415141630,1.0,43578.0,2023-11-08 12:01:19,236.0,2023-11-08 12:01:19,1160.0,31768.0,2023-11-08 11:45:41
1699415142690,1.0,7066.0,2023-11-08 12:01:19,236.0,2023-11-08 12:01:19,1060.0,8415.0,2023-11-08 11:45:42
1699415143270,1.0,12024.0,2023-11-08 12:01:19,20.0,2023-11-08 12:01:19,580.0,37098.0,2023-11-08 11:45:43
1699415144970,1.0,26272.0,2023-11-08 12:01:19,10.0,2023-11-08 12:01:19,1700.0,415.0,2023-11-08 11:45:44
1699415145320,1.0,251.0,2023-11-08 12:01:19,78.0,2023-11-08 12:01:19,350.0,764.0,2023-11-08 11:45:45
1699415146000,1.0,6800.0,2023-11-08 12:01:19,36.0,2023-11-08 12:01:19,680.0,4243.0,2023-11-08 11:45:46
1699415146520,1.0,1866.0,2023-11-08 12:01:19,82.0,2023-11-08 12:01:19,520.0,888.0,2023-11-08 11:45:46
1699415147160,1.0,5969.0,2023-11-08 12:01:19,46.0,2023-11-08 12:01:19,640.0,11026.0,2023-11-08 11:45:47
1699415147930,1.0,6759.0,2023-11-08 12:01:19,60.0,2023-11-08 12:01:19,770.0,1947.0,2023-11-08 11:45:47
1699415148720,1.0,11227.0,2023-11-08 12:01:19,72.0,2023-11-08 12:01:19,790.0,4380.0,2023-11-08 11:45:48
1699415149450,1.0,12762.0,2023-11-08 12:01:19,76.0,2023-11-08 12:01:19,730.0,876.0,2023-11-08 11:45:49
1699415149850,1.0,727.0,2023-11-08 12:01:19,14.0,2023-11-08 12:01:19,400.0,2079.0,2023-11-08 11:45:49
1699415151330,1.0,3877.0,2023-11-08 12:01:19,0.0,2023-11-08 12:01:19,1480.0,817.0,2023-11-08 11:45:51
1699415152070,1.0,944.0,2023-11-08 12:01:19,18.0,2023-11-08 12:01:19,740.0,2110.0,2023-11-08 11:45:52
1699415152760,1.0,6037.0,2023-11-08 12:01:19,16.0,2023-11-08 12:01:19,690.0,3125.0,2023-11-08 11:45:52
1699415153570,1.0,1327.0,2023-11-08 12:01:19,70.0,2023-11-08 12:01:19,810.0,2010.0,2023-11-08 11:45:53
1699415154310,1.0,1828.0,2023-11-08 12:01:19,30.0,2023-11-08 12:01:19,740.0,661.0,2023-11-08 11:45:54
1699415154680,1.0,823.0,2023-11-08 12:01:19,116.0,2023-11-08 12:01:19,370.0,420.0,2023-11-08 11:45:54
1699415155020,1.0,1082.0,2023-11-08 12:01:19,66.0,2023-11-08 12:01:19,340.0,1938.0,2023-11-08 11:45:55
1699415155610,1.0,1336.0,2023-11-08 12:01:19,22.0,2023-11-08 12:01:19,590.0,636.0,2023-11-08 11:45:55
1699415156000,1.0,254.0,2023-11-08 12:01:19,78.0,2023-11-08 12:01:19,390.0,814.0,2023-11-08 11:45:56
1699415156440,1.0,2055.0,2023-11-08 12:01:19,40.0,2023-11-08 12:01:19,440.0,1751.0,2023-11-08 11:45:56
1699415157120,1.0,2242.0,2023-11-08 12:01:19,38.0,2023-11-08 12:01:19,680.0,3245.0,2023-11-08 11:45:57
1699415157860,1.0,2685.0,2023-11-08 12:01:19,6.0,2023-11-08 12:01:19,740.0,1304.0,2023-11-08 11:45:57
1699415158530,1.0,1582.0,2023-11-08 12:01:19,92.0,2023-11-08 12:01:19,670.0,2471.0,2023-11-08 11:45:58
1699415159250,1.0,1379.0,2023-11-08 12:01:19,116.0,2023-11-08 12:01:19,720.0,4144.0,2023-11-08 11:45:59
1699415160000,1.0,1302.0,2023-11-08 12:01:19,130.0,2023-11-08 12:01:19,750.0,842.0,2023-11-08 11:46:00
1699415160400,1.0,185.0,2023-11-08 12:01:19,406.0,2023-11-08 12:01:19,400.0,231.0,2023-11-08 11:46:00
1699415160790,1.0,2477.0,2023-11-08 12:01:19,318.0,2023-11-08 12:01:19,390.0,2293.0,2023-11-08 11:46:00
1699415161210,1.0,923.0,2023-11-08 12:01:19,366.0,2023-11-08 12:01:19,420.0,36754.0,2023-11-08 11:46:01
1699415162020,1.0,34262.0,2023-11-08 12:01:19,24.0,2023-11-08 12:01:19,810.0,44623.0,2023-11-08 11:46:02
1699415163010,1.0,9596.0,2023-11-08 12:01:19,292.0,2023-11-08 12:01:19,990.0,3942.0,2023-11-08 11:46:03
1699415163400,1.0,2371.0,2023-11-08 12:01:19,46.0,2023-11-08 12:01:19,390.0,6991.0,2023-11-08 11:46:03
1699415163830,1.0,757.0,2023-11-08 12:01:19,62.0,2023-11-08 12:01:19,430.0,1163.0,2023-11-08 11:46:03
1699415164340,1.0,6160.0,2023-11-08 12:01:19,56.0,2023-11-08 12:01:19,510.0,6262.0,2023-11-08 11:46:04
1699415165190,1.0,4130.0,2023-11-08 12:01:19,22.0,2023-11-08 12:01:19,850.0,422.0,2023-11-08 11:46:05
1699415165470,1.0,1521.0,2023-11-08 12:01:19,70.0,2023-11-08 12:01:19,280.0,3048.0,2023-11-08 11:46:05
1699415166460,1.0,3385.0,2023-11-08 12:01:19,42.0,2023-11-08 12:01:19,990.0,1479.0,2023-11-08 11:46:06
1699415166890,1.0,470.0,2023-11-08 12:01:19,104.0,2023-11-08 12:01:19,430.0,455.0,2023-11-08 11:46:06
1699415167150,1.0,1131.0,2023-11-08 12:01:19,52.0,2023-11-08 12:01:19,260.0,1087.0,2023-11-08 11:46:07
1699415167580,1.0,2695.0,2023-11-08 12:01:19,334.0,2023-11-08 12:01:19,430.0,47500.0,2023-11-08 11:46:07
1699415170270,1.0,45600.0,2023-11-08 12:01:19,504.0,2023-11-08 12:01:19,2690.0,130082.0,2023-11-08 11:46:10
1699415172260,1.0,126638.0,2023-11-08 12:01:19,170.0,2023-11-08 12:01:19,1990.0,28949.0,2023-11-08 11:46:12
1699415172960,1.0,14229.0,2023-11-08 12:01:19,488.0,2023-11-08 12:01:19,700.0,12940.0,2023-11-08 11:46:12
1699415174010,1.0,8263.0,2023-11-08 12:01:19,48.0,2023-11-08 12:01:19,1050.0,884.0,2023-11-08 11:46:14
1699415175120,1.0,3092.0,2023-11-08 12:01:19,18.0,2023-11-08 12:01:19,1110.0,2038.0,2023-11-08 11:46:15
1699415175730,1.0,637.0,2023-11-08 12:01:19,26.0,2023-11-08 12:01:19,610.0,314.0,2023-11-08 11:46:15
1699415176420,1.0,1122.0,2023-11-08 12:01:19,10.0,2023-11-08 12:01:19,690.0,1505.0,2023-11-08 11:46:16
1699415177170,1.0,1303.0,2023-11-08 12:01:19,8.0,2023-11-08 12:01:19,750.0,1958.0,2023-11-08 11:46:17
1699415177880,1.0,1087.0,2023-11-08 12:01:19,6.0,2023-11-08 12:01:19,710.0,1295.0,2023-11-08 11:46:17
1699415178570,1.0,1082.0,2023-11-08 12:01:19,274.0,2023-11-08 12:01:19,690.0,6492.0,2023-11-08 11:46:18
1699415179270,1.0,22065.0,2023-11-08 12:01:19,988.0,2023-11-08 12:01:19,700.0,10988.0,2023-11-08 11:46:19
1699415179800,1.0,16852.0,2023-11-08 12:01:19,428.0,2023-11-08 12:01:19,530.0,31002.0,2023-11-08 11:46:19
1699415180740,1.0,21933.0,2023-11-08 12:01:19,206.0,2023-11-08 12:01:19,940.0,2507.0,2023-11-08 11:46:20
1699415181270,1.0,9585.0,2023-11-08 12:01:19,208.0,2023-11-08 12:01:19,530.0,63738.0,2023-11-08 11:46:21
1699415183090,1.0,30299.0,2023-11-08 12:01:19,152.0,2023-11-08 12:01:19,1820.0,23108.0,2023-11-08 11:46:23
1699415184680,1.0,28608.0,2023-11-08 12:01:19,1958.0,2023-11-08 12:01:19,1590.0,21616.0,2023-11-08 11:46:24
1699415185900,1.0,23415.0,2023-11-08 12:01:19,544.0,2023-11-08 12:01:19,1220.0,13111.0,2023-11-08 11:46:25
1699415187250,1.0,30061.0,2023-11-08 12:01:19,1420.0,2023-11-08 12:01:19,1350.0,22275.0,2023-11-08 11:46:27
1699415187860,1.0,21512.0,2023-11-08 12:01:19,354.0,2023-11-08 12:01:19,610.0,93845.0,2023-11-08 11:46:27
1699415188700,1.0,87641.0,2023-11-08 12:01:19,238.0,2023-11-08 12:01:19,840.0,58517.0,2023-11-08 11:46:28
1699415191920,1.0,296.0,2023-11-08 12:01:19,90.0,2023-11-08 12:01:19,570.0,631.0,2023-11-08 11:46:31
1699415192530,1.0,665.0,2023-11-08 12:01:19,30.0,2023-11-08 12:01:19,610.0,477.0,2023-11-08 11:46:32
1699415193210,1.0,629.0,2023-11-08 12:01:19,230.0,2023-11-08 12:01:19,680.0,1055.0,2023-11-08 11:46:33
1699415193750,1.0,365.0,2023-11-08 12:01:20,368.0,2023-11-08 12:01:20,540.0,3972.0,2023-11-08 11:46:33
1699415194070,1.0,4441.0,2023-11-08 12:01:20,214.0,2023-11-08 12:01:20,320.0,14592.0,2023-11-08 11:46:34
1699415194660,1.0,55404.0,2023-11-08 12:01:20,104.0,2023-11-08 12:01:20,590.0,46157.0,2023-11-08 11:46:34
1699415196940,1.0,9870.0,2023-11-08 12:01:20,10.0,2023-11-08 12:01:20,2280.0,3083.0,2023-11-08 11:46:36
1699415197640,1.0,2069.0,2023-11-08 12:01:20,6.0,2023-11-08 12:01:20,700.0,1009.0,2023-11-08 11:46:37
1699415198160,1.0,433.0,2023-11-08 12:01:20,16.0,2023-11-08 12:01:20,520.0,750.0,2023-11-08 11:46:38
1699415198800,1.0,614.0,2023-11-08 12:01:20,10.0,2023-11-08 12:01:20,640.0,513.0,2023-11-08 11:46:38
1699415199440,1.0,594.0,2023-11-08 12:01:20,10.0,2023-11-08 12:01:20,640.0,717.0,2023-11-08 11:46:39
1699415200110,1.0,510.0,2023-11-08 12:01:20,2.0,2023-11-08 12:01:20,670.0,867.0,2023-11-08 11:46:40
1699415200800,1.0,627.0,2023-11-08 12:01:20,106.0,2023-11-08 12:01:20,690.0,779.0,2023-11-08 11:46:40
1699415201490,1.0,801.0,2023-11-08 12:01:20,20.0,2023-11-08 12:01:20,690.0,990.0,2023-11-08 11:46:41
1699415202280,1.0,9817.0,2023-11-08 12:01:20,260.0,2023-11-08 12:01:20,790.0,52829.0,2023-11-08 11:46:42
1699415203300,1.0,65708.0,2023-11-08 12:01:20,370.0,2023-11-08 12:01:20,1020.0,77800.0,2023-11-08 11:46:43
1699415204320,1.0,43767.0,2023-11-08 12:01:20,10.0,2023-11-08 12:01:20,1020.0,26300.0,2023-11-08 11:46:44
1699415205540,1.0,1766.0,2023-11-08 12:01:20,22.0,2023-11-08 12:01:20,1220.0,1113.0,2023-11-08 11:46:45
1699415206210,1.0,1113.0,2023-11-08 12:01:20,16.0,2023-11-08 12:01:20,670.0,975.0,2023-11-08 11:46:46
1699415206870,1.0,1087.0,2023-11-08 12:01:20,2.0,2023-11-08 12:01:20,660.0,1229.0,2023-11-08 11:46:46
1699415207560,1.0,855.0,2023-11-08 12:01:20,12.0,2023-11-08 12:01:20,690.0,1428.0,2023-11-08 11:46:47
1699415208320,1.0,927.0,2023-11-08 12:01:20,20.0,2023-11-08 12:01:20,760.0,1424.0,2023-11-08 11:46:48
1699415209070,1.0,873.0,2023-11-08 12:01:20,10.0,2023-11-08 12:01:20,750.0,1324.0,2023-11-08 11:46:49
1699415209850,1.0,771.0,2023-11-08 12:01:20,8.0,2023-11-08 12:01:20,780.0,1373.0,2023-11-08 11:46:49
1699415210660,1.0,713.0,2023-11-08 12:01:20,6.0,2023-11-08 12:01:20,810.0,1125.0,2023-11-08 11:46:50
1699415211470,1.0,756.0,2023-11-08 12:01:20,8.0,2023-11-08 12:01:20,810.0,1003.0,2023-11-08 11:46:51
1699415212280,1.0,529.0,2023-11-08 12:01:20,10.0,2023-11-08 12:01:20,810.0,1345.0,2023-11-08 11:46:52
1699415213070,1.0,942.0,2023-11-08 12:01:20,10.0,2023-11-08 12:01:20,790.0,1195.0,2023-11-08 11:46:53
1699415213840,1.0,790.0,2023-11-08 12:01:20,4.0,2023-11-08 12:01:20,770.0,1122.0,2023-11-08 11:46:53
1699415214570,1.0,642.0,2023-11-08 12:01:20,10.0,2023-11-08 12:01:20,730.0,780.0,2023-11-08 11:46:54
1699415215240,1.0,569.0,2023-11-08 12:01:20,8.0,2023-11-08 12:01:20,670.0,1022.0,2023-11-08 11:46:55
1699415216000,1.0,807.0,2023-11-08 12:01:20,8.0,2023-11-08 12:01:20,760.0,1198.0,2023-11-08 11:46:56
1699415216720,1.0,694.0,2023-11-08 12:01:20,10.0,2023-11-08 12:01:20,720.0,1042.0,2023-11-08 11:46:56
1699415217460,1.0,678.0,2023-11-08 12:01:20,8.0,2023-11-08 12:01:20,740.0,915.0,2023-11-08 11:46:57
1699415218230,1.0,657.0,2023-11-08 12:01:20,6.0,2023-11-08 12:01:20,770.0,856.0,2023-11-08 11:46:58
1699415219010,1.0,621.0,2023-11-08 12:01:20,16.0,2023-11-08 12:01:20,780.0,535.0,2023-11-08 11:46:59
1699415219780,1.0,480.0,2023-11-08 12:01:20,8.0,2023-11-08 12:01:20,770.0,830.0,2023-11-08 11:46:59
1699415220550,1.0,515.0,2023-11-08 12:01:20,12.0,2023-11-08 12:01:20,770.0,797.0,2023-11-08 11:47:00
1699415221340,1.0,548.0,2023-11-08 12:01:20,12.0,2023-11-08 12:01:20,790.0,689.0,2023-11-08 11:47:01
1699415222110,1.0,408.0,2023-11-08 12:01:20,16.0,2023-11-08 12:01:20,770.0,774.0,2023-11-08 11:47:02
1699415222850,1.0,644.0,2023-11-08 12:01:20,8.0,2023-11-08 12:01:20,740.0,1482.0,2023-11-08 11:47:02
1699415223660,1.0,1640.0,2023-11-08 12:01:20,10.0,2023-11-08 12:01:20,810.0,1286.0,2023-11-08 11:47:03
1699415224420,1.0,460.0,2023-11-08 12:01:20,4.0,2023-11-08 12:01:20,760.0,790.0,2023-11-08 11:47:04
1699415225170,1.0,562.0,2023-11-08 12:01:20,6.0,2023-11-08 12:01:20,750.0,835.0,2023-11-08 11:47:05
1699415225880,1.0,488.0,2023-11-08 12:01:20,8.0,2023-11-08 12:01:20,710.0,678.0,2023-11-08 11:47:05
1699415226540,1.0,501.0,2023-11-08 12:01:20,10.0,2023-11-08 12:01:20,660.0,708.0,2023-11-08 11:47:06
1699415227220,1.0,598.0,2023-11-08 12:01:20,8.0,2023-11-08 12:01:20,680.0,966.0,2023-11-08 11:47:07
1699415227940,1.0,670.0,2023-11-08 12:01:20,2.0,2023-11-08 12:01:20,720.0,824.0,2023-11-08 11:47:07
1699415228690,1.0,661.0,2023-11-08 12:01:20,6.0,2023-11-08 12:01:20,750.0,825.0,2023-11-08 11:47:08
1699415229450,1.0,654.0,2023-11-08 12:01:20,10.0,2023-11-08 12:01:20,760.0,810.0,2023-11-08 11:47:09
1699415230200,1.0,607.0,2023-11-08 12:01:20,160.0,2023-11-08 12:01:20,750.0,31852.0,2023-11-08 11:47:10
1699415231740,1.0,68466.0,2023-11-08 12:01:20,144.0,2023-11-08 12:01:20,1540.0,11893.0,2023-11-08 11:47:11
1699415233060,1.0,14524.0,2023-11-08 12:01:20,16.0,2023-11-08 12:01:20,1320.0,988.0,2023-11-08 11:47:13
1699415233770,1.0,745.0,2023-11-08 12:01:20,8.0,2023-11-08 12:01:20,710.0,893.0,2023-11-08 11:47:13
1699415234480,1.0,932.0,2023-11-08 12:01:20,8.0,2023-11-08 12:01:20,710.0,1090.0,2023-11-08 11:47:14
1699415235210,1.0,822.0,2023-11-08 12:01:20,12.0,2023-11-08 12:01:20,730.0,1086.0,2023-11-08 11:47:15
1699415235990,1.0,823.0,2023-11-08 12:01:20,10.0,2023-11-08 12:01:20,780.0,1079.0,2023-11-08 11:47:15
1699415236720,1.0,702.0,2023-11-08 12:01:20,2.0,2023-11-08 12:01:20,730.0,1045.0,2023-11-08 11:47:16
1699415237490,1.0,761.0,2023-11-08 12:01:20,112.0,2023-11-08 12:01:20,770.0,8498.0,2023-11-08 11:47:17
1699415238400,1.0,16666.0,2023-11-08 12:01:20,1194.0,2023-11-08 12:01:20,910.0,18420.0,2023-11-08 11:47:18
1699415239130,1.0,25023.0,2023-11-08 12:01:20,806.0,2023-11-08 12:01:20,730.0,5158.0,2023-11-08 11:47:19
1699415239820,1.0,11466.0,2023-11-08 12:01:20,262.0,2023-11-08 12:01:20,690.0,8612.0,2023-11-08 11:47:19
1699415240540,1.0,8931.0,2023-11-08 12:01:20,228.0,2023-11-08 12:01:20,720.0,4040.0,2023-11-08 11:47:20
1699415241050,1.0,1375.0,2023-11-08 12:01:20,250.0,2023-11-08 12:01:20,510.0,10114.0,2023-11-08 11:47:21
1699415241870,1.0,2614.0,2023-11-08 12:01:20,124.0,2023-11-08 12:01:20,820.0,3008.0,2023-11-08 11:47:21
1699415243000,1.0,1550.0,2023-11-08 12:01:20,82.0,2023-11-08 12:01:20,1130.0,2998.0,2023-11-08 11:47:23
1699415243640,1.0,3163.0,2023-11-08 12:01:20,180.0,2023-11-08 12:01:20,640.0,8309.0,2023-11-08 11:47:23
1699415244640,1.0,13707.0,2023-11-08 12:01:20,754.0,2023-11-08 12:01:20,1000.0,41928.0,2023-11-08 11:47:24
1699415245890,1.0,17227.0,2023-11-08 12:01:20,132.0,2023-11-08 12:01:20,1250.0,25035.0,2023-11-08 11:47:25
1699415247110,1.0,52820.0,2023-11-08 12:01:20,138.0,2023-11-08 12:01:20,1220.0,45206.0,2023-11-08 11:47:27
1699415249000,1.0,7287.0,2023-11-08 12:01:20,20.0,2023-11-08 12:01:20,1890.0,1541.0,2023-11-08 11:47:29
1699415249690,1.0,800.0,2023-11-08 12:01:20,66.0,2023-11-08 12:01:20,690.0,604.0,2023-11-08 11:47:29
1699415252270,1.0,937.0,2023-11-08 12:01:20,238.0,2023-11-08 12:01:20,680.0,1835.0,2023-11-08 11:47:32
1699415253570,1.0,2111.0,2023-11-08 12:01:20,26.0,2023-11-08 12:01:20,1300.0,1395.0,2023-11-08 11:47:33
1699415254160,1.0,600.0,2023-11-08 12:01:20,10.0,2023-11-08 12:01:20,590.0,1713.0,2023-11-08 11:47:34
1699415254790,1.0,898.0,2023-11-08 12:01:20,12.0,2023-11-08 12:01:20,630.0,1288.0,2023-11-08 11:47:34
1699415255420,1.0,1096.0,2023-11-08 12:01:20,18.0,2023-11-08 12:01:20,630.0,1413.0,2023-11-08 11:47:35
1699415256100,1.0,1157.0,2023-11-08 12:01:20,10.0,2023-11-08 12:01:20,680.0,1536.0,2023-11-08 11:47:36
1699415256810,1.0,1293.0,2023-11-08 12:01:20,6.0,2023-11-08 12:01:20,710.0,1906.0,2023-11-08 11:47:36
1699415257540,1.0,1394.0,2023-11-08 12:01:20,0.0,2023-11-08 12:01:20,730.0,1801.0,2023-11-08 11:47:37
1699415258290,1.0,1400.0,2023-11-08 12:01:20,10.0,2023-11-08 12:01:20,750.0,1898.0,2023-11-08 11:47:38
1699415259000,1.0,972.0,2023-11-08 12:01:20,10.0,2023-11-08 12:01:20,710.0,2960.0,2023-11-08 11:47:39
1699415259700,1.0,1529.0,2023-11-08 12:01:20,8.0,2023-11-08 12:01:20,700.0,992.0,2023-11-08 11:47:39
1699415260410,1.0,1619.0,2023-11-08 12:01:20,6.0,2023-11-08 12:01:20,710.0,3140.0,2023-11-08 11:47:40
1699415261150,1.0,1280.0,2023-11-08 12:01:20,10.0,2023-11-08 12:01:20,740.0,1520.0,2023-11-08 11:47:41
1699415261900,1.0,1696.0,2023-11-08 12:01:20,6.0,2023-11-08 12:01:20,750.0,2218.0,2023-11-08 11:47:41
1699415262660,1.0,1563.0,2023-11-08 12:01:20,6.0,2023-11-08 12:01:20,760.0,1965.0,2023-11-08 11:47:42
1699415263400,1.0,1278.0,2023-11-08 12:01:20,6.0,2023-11-08 12:01:20,740.0,1711.0,2023-11-08 11:47:43
1699415264130,1.0,1286.0,2023-11-08 12:01:20,12.0,2023-11-08 12:01:20,730.0,1795.0,2023-11-08 11:47:44
1699415264790,1.0,1235.0,2023-11-08 12:01:20,6.0,2023-11-08 12:01:20,660.0,1886.0,2023-11-08 11:47:44
1699415265440,1.0,1373.0,2023-11-08 12:01:20,10.0,2023-11-08 12:01:20,650.0,2135.0,2023-11-08 11:47:45
1699415266150,1.0,1527.0,2023-11-08 12:01:20,10.0,2023-11-08 12:01:20,710.0,1991.0,2023-11-08 11:47:46
1699415266930,1.0,1630.0,2023-11-08 12:01:20,6.0,2023-11-08 12:01:20,780.0,2148.0,2023-11-08 11:47:46
1699415267700,1.0,1640.0,2023-11-08 12:01:20,8.0,2023-11-08 12:01:20,770.0,1976.0,2023-11-08 11:47:47
1699415268490,1.0,1427.0,2023-11-08 12:01:20,6.0,2023-11-08 12:01:20,790.0,1851.0,2023-11-08 11:47:48
1699415269290,1.0,1358.0,2023-11-08 12:01:20,8.0,2023-11-08 12:01:20,800.0,1785.0,2023-11-08 11:47:49
1699415270100,1.0,1294.0,2023-11-08 12:01:20,6.0,2023-11-08 12:01:20,810.0,1636.0,2023-11-08 11:47:50
1699415270910,1.0,1179.0,2023-11-08 12:01:20,6.0,2023-11-08 12:01:20,810.0,1560.0,2023-11-08 11:47:50
1699415271710,1.0,1136.0,2023-11-08 12:01:20,8.0,2023-11-08 12:01:20,800.0,1524.0,2023-11-08 11:47:51
1699415272490,1.0,1139.0,2023-11-08 12:01:20,6.0,2023-11-08 12:01:20,780.0,1350.0,2023-11-08 11:47:52
1699415273200,1.0,1082.0,2023-11-08 12:01:20,8.0,2023-11-08 12:01:20,710.0,1465.0,2023-11-08 11:47:53
1699415273950,1.0,1227.0,2023-11-08 12:01:20,2.0,2023-11-08 12:01:20,750.0,2595.0,2023-11-08 11:47:53
1699415274690,1.0,943.0,2023-11-08 12:01:20,6.0,2023-11-08 12:01:20,740.0,1373.0,2023-11-08 11:47:54
1699415275460,1.0,1323.0,2023-11-08 12:01:20,8.0,2023-11-08 12:01:20,770.0,2023.0,2023-11-08 11:47:55
1699415276270,1.0,1214.0,2023-11-08 12:01:20,4.0,2023-11-08 12:01:20,810.0,1382.0,2023-11-08 11:47:56
1699415277040,1.0,1194.0,2023-11-08 12:01:20,6.0,2023-11-08 12:01:20,770.0,1419.0,2023-11-08 11:47:57
1699415277830,1.0,873.0,2023-11-08 12:01:20,14.0,2023-11-08 12:01:20,790.0,1475.0,2023-11-08 11:47:57
1699415278560,1.0,1088.0,2023-11-08 12:01:20,8.0,2023-11-08 12:01:20,730.0,1840.0,2023-11-08 11:47:58
